forward_seq,reverse_seq,success,source,gene
AACAAACCAACCAACTTTCGATCTC,CTTCTACTAAGCCACAAGTGCCA,1,artic_v4,SARS-CoV-2_1
AACAAACCAACCAACTTTCGATCTC,TCATCTAACCAATCTTCTTCTTGCTCT,1,artic_v4,SARS-CoV-2_1
AACAAACCAACCAACTTTCGATCTC,TTTAAGGCTCCTGCAACACCTC,1,artic_v4,SARS-CoV-2_1
AACAAACCAACCAACTTTCGATCTC,CAGCTAAGTAGACATTTGTGCGAAC,1,artic_v4,SARS-CoV-2_1
AACAAACCAACCAACTTTCGATCTC,GATGTCAATGTCACTAACAAGAGTGG,1,artic_v4,SARS-CoV-2_1
AACAAACCAACCAACTTTCGATCTC,CATGTGCAAGCATTTCTCGCAA,1,artic_v4,SARS-CoV-2_1
AACAAACCAACCAACTTTCGATCTC,GCATCAGGTGAAGAAACAGAAACTG,1,artic_v4,SARS-CoV-2_1
AACAAACCAACCAACTTTCGATCTC,CACAACTTGCGTGTGGAGGTTA,1,artic_v4,SARS-CoV-2_1
AACAAACCAACCAACTTTCGATCTC,TTCAACTCTATTTGTTGGAGTGTTAACAA,1,artic_v4,SARS-CoV-2_1
AACAAACCAACCAACTTTCGATCTC,GCTTGTTTACCACACGTACAAGG,1,artic_v4,SARS-CoV-2_1
AACAAACCAACCAACTTTCGATCTC,TGTCCAACTTAGGGTCAATTTCTGT,1,artic_v4,SARS-CoV-2_1
TGAGAAGTGCTCTGCCTATACAGT,CTTCTACTAAGCCACAAGTGCCA,1,artic_v4,SARS-CoV-2_1
TGAGAAGTGCTCTGCCTATACAGT,TCATCTAACCAATCTTCTTCTTGCTCT,1,artic_v4,SARS-CoV-2_1
TGAGAAGTGCTCTGCCTATACAGT,TTTAAGGCTCCTGCAACACCTC,1,artic_v4,SARS-CoV-2_1
TGAGAAGTGCTCTGCCTATACAGT,CAGCTAAGTAGACATTTGTGCGAAC,1,artic_v4,SARS-CoV-2_1
TGAGAAGTGCTCTGCCTATACAGT,GATGTCAATGTCACTAACAAGAGTGG,1,artic_v4,SARS-CoV-2_1
TGAGAAGTGCTCTGCCTATACAGT,CATGTGCAAGCATTTCTCGCAA,1,artic_v4,SARS-CoV-2_1
TGAGAAGTGCTCTGCCTATACAGT,GCATCAGGTGAAGAAACAGAAACTG,1,artic_v4,SARS-CoV-2_1
TGAGAAGTGCTCTGCCTATACAGT,CACAACTTGCGTGTGGAGGTTA,1,artic_v4,SARS-CoV-2_1
TGAGAAGTGCTCTGCCTATACAGT,TTCAACTCTATTTGTTGGAGTGTTAACAA,1,artic_v4,SARS-CoV-2_1
TGAGAAGTGCTCTGCCTATACAGT,GCTTGTTTACCACACGTACAAGG,1,artic_v4,SARS-CoV-2_1
TGAGAAGTGCTCTGCCTATACAGT,TGTCCAACTTAGGGTCAATTTCTGT,1,artic_v4,SARS-CoV-2_1
AGAAGAGTTTGAGCCATCAACTCA,CTTCTACTAAGCCACAAGTGCCA,1,artic_v4,SARS-CoV-2_1
AGAAGAGTTTGAGCCATCAACTCA,TCATCTAACCAATCTTCTTCTTGCTCT,1,artic_v4,SARS-CoV-2_1
AGAAGAGTTTGAGCCATCAACTCA,TTTAAGGCTCCTGCAACACCTC,1,artic_v4,SARS-CoV-2_1
AGAAGAGTTTGAGCCATCAACTCA,CAGCTAAGTAGACATTTGTGCGAAC,1,artic_v4,SARS-CoV-2_1
AGAAGAGTTTGAGCCATCAACTCA,GATGTCAATGTCACTAACAAGAGTGG,1,artic_v4,SARS-CoV-2_1
AGAAGAGTTTGAGCCATCAACTCA,CATGTGCAAGCATTTCTCGCAA,1,artic_v4,SARS-CoV-2_1
AGAAGAGTTTGAGCCATCAACTCA,GCATCAGGTGAAGAAACAGAAACTG,1,artic_v4,SARS-CoV-2_1
AGAAGAGTTTGAGCCATCAACTCA,CACAACTTGCGTGTGGAGGTTA,1,artic_v4,SARS-CoV-2_1
AGAAGAGTTTGAGCCATCAACTCA,TTCAACTCTATTTGTTGGAGTGTTAACAA,1,artic_v4,SARS-CoV-2_1
AGAAGAGTTTGAGCCATCAACTCA,GCTTGTTTACCACACGTACAAGG,1,artic_v4,SARS-CoV-2_1
AGAAGAGTTTGAGCCATCAACTCA,TGTCCAACTTAGGGTCAATTTCTGT,1,artic_v4,SARS-CoV-2_1
TGCAGACATTGTGGAAGAAGCT,CTTCTACTAAGCCACAAGTGCCA,1,artic_v4,SARS-CoV-2_1
TGCAGACATTGTGGAAGAAGCT,TCATCTAACCAATCTTCTTCTTGCTCT,1,artic_v4,SARS-CoV-2_1
TGCAGACATTGTGGAAGAAGCT,TTTAAGGCTCCTGCAACACCTC,1,artic_v4,SARS-CoV-2_1
TGCAGACATTGTGGAAGAAGCT,CAGCTAAGTAGACATTTGTGCGAAC,1,artic_v4,SARS-CoV-2_1
TGCAGACATTGTGGAAGAAGCT,GATGTCAATGTCACTAACAAGAGTGG,1,artic_v4,SARS-CoV-2_1
TGCAGACATTGTGGAAGAAGCT,CATGTGCAAGCATTTCTCGCAA,1,artic_v4,SARS-CoV-2_1
TGCAGACATTGTGGAAGAAGCT,GCATCAGGTGAAGAAACAGAAACTG,1,artic_v4,SARS-CoV-2_1
TGCAGACATTGTGGAAGAAGCT,CACAACTTGCGTGTGGAGGTTA,1,artic_v4,SARS-CoV-2_1
TGCAGACATTGTGGAAGAAGCT,TTCAACTCTATTTGTTGGAGTGTTAACAA,1,artic_v4,SARS-CoV-2_1
TGCAGACATTGTGGAAGAAGCT,GCTTGTTTACCACACGTACAAGG,1,artic_v4,SARS-CoV-2_1
TGCAGACATTGTGGAAGAAGCT,TGTCCAACTTAGGGTCAATTTCTGT,1,artic_v4,SARS-CoV-2_1
AGCACGAAGTTCTACTTGCACC,CTTCTACTAAGCCACAAGTGCCA,1,artic_v4,SARS-CoV-2_1
AGCACGAAGTTCTACTTGCACC,TCATCTAACCAATCTTCTTCTTGCTCT,1,artic_v4,SARS-CoV-2_1
AGCACGAAGTTCTACTTGCACC,TTTAAGGCTCCTGCAACACCTC,1,artic_v4,SARS-CoV-2_1
AGCACGAAGTTCTACTTGCACC,CAGCTAAGTAGACATTTGTGCGAAC,1,artic_v4,SARS-CoV-2_1
AGCACGAAGTTCTACTTGCACC,GATGTCAATGTCACTAACAAGAGTGG,1,artic_v4,SARS-CoV-2_1
AGCACGAAGTTCTACTTGCACC,CATGTGCAAGCATTTCTCGCAA,1,artic_v4,SARS-CoV-2_1
AGCACGAAGTTCTACTTGCACC,GCATCAGGTGAAGAAACAGAAACTG,1,artic_v4,SARS-CoV-2_1
AGCACGAAGTTCTACTTGCACC,CACAACTTGCGTGTGGAGGTTA,1,artic_v4,SARS-CoV-2_1
AGCACGAAGTTCTACTTGCACC,TTCAACTCTATTTGTTGGAGTGTTAACAA,1,artic_v4,SARS-CoV-2_1
AGCACGAAGTTCTACTTGCACC,GCTTGTTTACCACACGTACAAGG,1,artic_v4,SARS-CoV-2_1
AGCACGAAGTTCTACTTGCACC,TGTCCAACTTAGGGTCAATTTCTGT,1,artic_v4,SARS-CoV-2_1
TGGAAGAAACTAAGTTCCTCACAGAA,CTTCTACTAAGCCACAAGTGCCA,1,artic_v4,SARS-CoV-2_1
TGGAAGAAACTAAGTTCCTCACAGAA,TCATCTAACCAATCTTCTTCTTGCTCT,1,artic_v4,SARS-CoV-2_1
TGGAAGAAACTAAGTTCCTCACAGAA,TTTAAGGCTCCTGCAACACCTC,1,artic_v4,SARS-CoV-2_1
TGGAAGAAACTAAGTTCCTCACAGAA,CAGCTAAGTAGACATTTGTGCGAAC,1,artic_v4,SARS-CoV-2_1
TGGAAGAAACTAAGTTCCTCACAGAA,GATGTCAATGTCACTAACAAGAGTGG,1,artic_v4,SARS-CoV-2_1
TGGAAGAAACTAAGTTCCTCACAGAA,CATGTGCAAGCATTTCTCGCAA,1,artic_v4,SARS-CoV-2_1
TGGAAGAAACTAAGTTCCTCACAGAA,GCATCAGGTGAAGAAACAGAAACTG,1,artic_v4,SARS-CoV-2_1
TGGAAGAAACTAAGTTCCTCACAGAA,CACAACTTGCGTGTGGAGGTTA,1,artic_v4,SARS-CoV-2_1
TGGAAGAAACTAAGTTCCTCACAGAA,TTCAACTCTATTTGTTGGAGTGTTAACAA,1,artic_v4,SARS-CoV-2_1
TGGAAGAAACTAAGTTCCTCACAGAA,GCTTGTTTACCACACGTACAAGG,1,artic_v4,SARS-CoV-2_1
TGGAAGAAACTAAGTTCCTCACAGAA,TGTCCAACTTAGGGTCAATTTCTGT,1,artic_v4,SARS-CoV-2_1
AAAAGTGCCTTTTACATTCTACCATCT,CTTCTACTAAGCCACAAGTGCCA,1,artic_v4,SARS-CoV-2_1
AAAAGTGCCTTTTACATTCTACCATCT,TCATCTAACCAATCTTCTTCTTGCTCT,1,artic_v4,SARS-CoV-2_1
AAAAGTGCCTTTTACATTCTACCATCT,TTTAAGGCTCCTGCAACACCTC,1,artic_v4,SARS-CoV-2_1
AAAAGTGCCTTTTACATTCTACCATCT,CAGCTAAGTAGACATTTGTGCGAAC,1,artic_v4,SARS-CoV-2_1
AAAAGTGCCTTTTACATTCTACCATCT,GATGTCAATGTCACTAACAAGAGTGG,1,artic_v4,SARS-CoV-2_1
AAAAGTGCCTTTTACATTCTACCATCT,CATGTGCAAGCATTTCTCGCAA,1,artic_v4,SARS-CoV-2_1
AAAAGTGCCTTTTACATTCTACCATCT,GCATCAGGTGAAGAAACAGAAACTG,1,artic_v4,SARS-CoV-2_1
AAAAGTGCCTTTTACATTCTACCATCT,CACAACTTGCGTGTGGAGGTTA,1,artic_v4,SARS-CoV-2_1
AAAAGTGCCTTTTACATTCTACCATCT,TTCAACTCTATTTGTTGGAGTGTTAACAA,1,artic_v4,SARS-CoV-2_1
AAAAGTGCCTTTTACATTCTACCATCT,GCTTGTTTACCACACGTACAAGG,1,artic_v4,SARS-CoV-2_1
AAAAGTGCCTTTTACATTCTACCATCT,TGTCCAACTTAGGGTCAATTTCTGT,1,artic_v4,SARS-CoV-2_1
TGTAACACATGGCTTAAATTTGGAAGAA,CTTCTACTAAGCCACAAGTGCCA,1,artic_v4,SARS-CoV-2_1
TGTAACACATGGCTTAAATTTGGAAGAA,TCATCTAACCAATCTTCTTCTTGCTCT,1,artic_v4,SARS-CoV-2_1
TGTAACACATGGCTTAAATTTGGAAGAA,TTTAAGGCTCCTGCAACACCTC,1,artic_v4,SARS-CoV-2_1
TGTAACACATGGCTTAAATTTGGAAGAA,CAGCTAAGTAGACATTTGTGCGAAC,1,artic_v4,SARS-CoV-2_1
TGTAACACATGGCTTAAATTTGGAAGAA,GATGTCAATGTCACTAACAAGAGTGG,1,artic_v4,SARS-CoV-2_1
TGTAACACATGGCTTAAATTTGGAAGAA,CATGTGCAAGCATTTCTCGCAA,1,artic_v4,SARS-CoV-2_1
TGTAACACATGGCTTAAATTTGGAAGAA,GCATCAGGTGAAGAAACAGAAACTG,1,artic_v4,SARS-CoV-2_1
TGTAACACATGGCTTAAATTTGGAAGAA,CACAACTTGCGTGTGGAGGTTA,1,artic_v4,SARS-CoV-2_1
TGTAACACATGGCTTAAATTTGGAAGAA,TTCAACTCTATTTGTTGGAGTGTTAACAA,1,artic_v4,SARS-CoV-2_1
TGTAACACATGGCTTAAATTTGGAAGAA,GCTTGTTTACCACACGTACAAGG,1,artic_v4,SARS-CoV-2_1
TGTAACACATGGCTTAAATTTGGAAGAA,TGTCCAACTTAGGGTCAATTTCTGT,1,artic_v4,SARS-CoV-2_1
TGACAATCTTAAGACACTTCTTTCTTTGAG,CTTCTACTAAGCCACAAGTGCCA,1,artic_v4,SARS-CoV-2_1
TGACAATCTTAAGACACTTCTTTCTTTGAG,TCATCTAACCAATCTTCTTCTTGCTCT,1,artic_v4,SARS-CoV-2_1
TGACAATCTTAAGACACTTCTTTCTTTGAG,TTTAAGGCTCCTGCAACACCTC,1,artic_v4,SARS-CoV-2_1
TGACAATCTTAAGACACTTCTTTCTTTGAG,CAGCTAAGTAGACATTTGTGCGAAC,1,artic_v4,SARS-CoV-2_1
TGACAATCTTAAGACACTTCTTTCTTTGAG,GATGTCAATGTCACTAACAAGAGTGG,1,artic_v4,SARS-CoV-2_1
TGACAATCTTAAGACACTTCTTTCTTTGAG,CATGTGCAAGCATTTCTCGCAA,1,artic_v4,SARS-CoV-2_1
TGACAATCTTAAGACACTTCTTTCTTTGAG,GCATCAGGTGAAGAAACAGAAACTG,1,artic_v4,SARS-CoV-2_1
TGACAATCTTAAGACACTTCTTTCTTTGAG,CACAACTTGCGTGTGGAGGTTA,1,artic_v4,SARS-CoV-2_1
TGACAATCTTAAGACACTTCTTTCTTTGAG,TTCAACTCTATTTGTTGGAGTGTTAACAA,1,artic_v4,SARS-CoV-2_1
TGACAATCTTAAGACACTTCTTTCTTTGAG,GCTTGTTTACCACACGTACAAGG,1,artic_v4,SARS-CoV-2_1
TGACAATCTTAAGACACTTCTTTCTTTGAG,TGTCCAACTTAGGGTCAATTTCTGT,1,artic_v4,SARS-CoV-2_1
TGGAAATACCCACAAGTTAATGGTTTAAC,CTTCTACTAAGCCACAAGTGCCA,1,artic_v4,SARS-CoV-2_1
TGGAAATACCCACAAGTTAATGGTTTAAC,TCATCTAACCAATCTTCTTCTTGCTCT,1,artic_v4,SARS-CoV-2_1
TGGAAATACCCACAAGTTAATGGTTTAAC,TTTAAGGCTCCTGCAACACCTC,1,artic_v4,SARS-CoV-2_1
TGGAAATACCCACAAGTTAATGGTTTAAC,CAGCTAAGTAGACATTTGTGCGAAC,1,artic_v4,SARS-CoV-2_1
TGGAAATACCCACAAGTTAATGGTTTAAC,GATGTCAATGTCACTAACAAGAGTGG,1,artic_v4,SARS-CoV-2_1
TGGAAATACCCACAAGTTAATGGTTTAAC,CATGTGCAAGCATTTCTCGCAA,1,artic_v4,SARS-CoV-2_1
TGGAAATACCCACAAGTTAATGGTTTAAC,GCATCAGGTGAAGAAACAGAAACTG,1,artic_v4,SARS-CoV-2_1
TGGAAATACCCACAAGTTAATGGTTTAAC,CACAACTTGCGTGTGGAGGTTA,1,artic_v4,SARS-CoV-2_1
TGGAAATACCCACAAGTTAATGGTTTAAC,TTCAACTCTATTTGTTGGAGTGTTAACAA,1,artic_v4,SARS-CoV-2_1
TGGAAATACCCACAAGTTAATGGTTTAAC,GCTTGTTTACCACACGTACAAGG,1,artic_v4,SARS-CoV-2_1
TGGAAATACCCACAAGTTAATGGTTTAAC,TGTCCAACTTAGGGTCAATTTCTGT,1,artic_v4,SARS-CoV-2_1
AAGCTGTTATGTACATGGGCACA,CTTCTACTAAGCCACAAGTGCCA,1,artic_v4,SARS-CoV-2_1
AAGCTGTTATGTACATGGGCACA,TCATCTAACCAATCTTCTTCTTGCTCT,1,artic_v4,SARS-CoV-2_1
AAGCTGTTATGTACATGGGCACA,TTTAAGGCTCCTGCAACACCTC,1,artic_v4,SARS-CoV-2_1
AAGCTGTTATGTACATGGGCACA,CAGCTAAGTAGACATTTGTGCGAAC,1,artic_v4,SARS-CoV-2_1
AAGCTGTTATGTACATGGGCACA,GATGTCAATGTCACTAACAAGAGTGG,1,artic_v4,SARS-CoV-2_1
AAGCTGTTATGTACATGGGCACA,CATGTGCAAGCATTTCTCGCAA,1,artic_v4,SARS-CoV-2_1
AAGCTGTTATGTACATGGGCACA,GCATCAGGTGAAGAAACAGAAACTG,1,artic_v4,SARS-CoV-2_1
AAGCTGTTATGTACATGGGCACA,CACAACTTGCGTGTGGAGGTTA,1,artic_v4,SARS-CoV-2_1
AAGCTGTTATGTACATGGGCACA,TTCAACTCTATTTGTTGGAGTGTTAACAA,1,artic_v4,SARS-CoV-2_1
AAGCTGTTATGTACATGGGCACA,GCTTGTTTACCACACGTACAAGG,1,artic_v4,SARS-CoV-2_1
AAGCTGTTATGTACATGGGCACA,TGTCCAACTTAGGGTCAATTTCTGT,1,artic_v4,SARS-CoV-2_1
TGAGAAGTGCTCTGCCTATACAGT,TCATCTAACCAATCTTCTTCTTGCTCT,0,artic_v4,SARS-CoV-2_10
AGAAGAGTTTGAGCCATCAACTCA,TTTAAGGCTCCTGCAACACCTC,1,artic_v4,SARS-CoV-2_11
TGCAGACATTGTGGAAGAAGCT,CAGCTAAGTAGACATTTGTGCGAAC,1,artic_v4,SARS-CoV-2_12
AGCACGAAGTTCTACTTGCACC,GATGTCAATGTCACTAACAAGAGTGG,1,artic_v4,SARS-CoV-2_13
TGGAAGAAACTAAGTTCCTCACAGAA,CATGTGCAAGCATTTCTCGCAA,1,artic_v4,SARS-CoV-2_14
AAAAGTGCCTTTTACATTCTACCATCT,GCATCAGGTGAAGAAACAGAAACTG,1,artic_v4,SARS-CoV-2_15
TGTAACACATGGCTTAAATTTGGAAGAA,CACAACTTGCGTGTGGAGGTTA,1,artic_v4,SARS-CoV-2_16
TGACAATCTTAAGACACTTCTTTCTTTGAG,TTCAACTCTATTTGTTGGAGTGTTAACAA,1,artic_v4,SARS-CoV-2_17
TGGAAATACCCACAAGTTAATGGTTTAAC,GCTTGTTTACCACACGTACAAGG,1,artic_v4,SARS-CoV-2_18
AAGCTGTTATGTACATGGGCACA,TGTCCAACTTAGGGTCAATTTCTGT,1,artic_v4,SARS-CoV-2_19
TTTACAGGTTCGCGACGTGC,ATAAGGATCAGTGCCAAGCTCG,1,artic_v4,SARS-CoV-2_2
TTTACAGGTTCGCGACGTGC,ACGTGGCTTTATTAGTTGCATTGTT,1,artic_v4,SARS-CoV-2_2
TTTACAGGTTCGCGACGTGC,GTAAGACTAGAATTGTCTACATAAGCAGC,1,artic_v4,SARS-CoV-2_2
TTTACAGGTTCGCGACGTGC,CCGACACTCTTAACAGTATTCTTTGC,1,artic_v4,SARS-CoV-2_2
TTTACAGGTTCGCGACGTGC,AACCACTAAGACAAACACTACAAGGT,1,artic_v4,SARS-CoV-2_2
TTTACAGGTTCGCGACGTGC,ACAACATGCACATAACTTTTCCATACA,1,artic_v4,SARS-CoV-2_2
TTTACAGGTTCGCGACGTGC,TGGATGGAACCATTCTTCACTGT,1,artic_v4,SARS-CoV-2_2
TTTACAGGTTCGCGACGTGC,GAGTTTTTCCATTGGTACGTTAAAAGTTG,1,artic_v4,SARS-CoV-2_2
TTTACAGGTTCGCGACGTGC,AGCAATGTTGTGACTTTTTGCTACC,1,artic_v4,SARS-CoV-2_2
TTTACAGGTTCGCGACGTGC,TGACACCACCATCAATAGCCTTG,1,artic_v4,SARS-CoV-2_2
TTTACAGGTTCGCGACGTGC,AGCCAAAACACAAGCTGATGTTG,1,artic_v4,SARS-CoV-2_2
ACAAAGAAAACAGTTACACAACAACCA,ATAAGGATCAGTGCCAAGCTCG,1,artic_v4,SARS-CoV-2_2
ACAAAGAAAACAGTTACACAACAACCA,ACGTGGCTTTATTAGTTGCATTGTT,1,artic_v4,SARS-CoV-2_2
ACAAAGAAAACAGTTACACAACAACCA,GTAAGACTAGAATTGTCTACATAAGCAGC,1,artic_v4,SARS-CoV-2_2
ACAAAGAAAACAGTTACACAACAACCA,CCGACACTCTTAACAGTATTCTTTGC,1,artic_v4,SARS-CoV-2_2
ACAAAGAAAACAGTTACACAACAACCA,AACCACTAAGACAAACACTACAAGGT,1,artic_v4,SARS-CoV-2_2
ACAAAGAAAACAGTTACACAACAACCA,ACAACATGCACATAACTTTTCCATACA,1,artic_v4,SARS-CoV-2_2
ACAAAGAAAACAGTTACACAACAACCA,TGGATGGAACCATTCTTCACTGT,1,artic_v4,SARS-CoV-2_2
ACAAAGAAAACAGTTACACAACAACCA,GAGTTTTTCCATTGGTACGTTAAAAGTTG,1,artic_v4,SARS-CoV-2_2
ACAAAGAAAACAGTTACACAACAACCA,AGCAATGTTGTGACTTTTTGCTACC,1,artic_v4,SARS-CoV-2_2
ACAAAGAAAACAGTTACACAACAACCA,TGACACCACCATCAATAGCCTTG,1,artic_v4,SARS-CoV-2_2
ACAAAGAAAACAGTTACACAACAACCA,AGCCAAAACACAAGCTGATGTTG,1,artic_v4,SARS-CoV-2_2
CACTACACACCCTCTTTTAAGAAAGG,ATAAGGATCAGTGCCAAGCTCG,1,artic_v4,SARS-CoV-2_2
CACTACACACCCTCTTTTAAGAAAGG,ACGTGGCTTTATTAGTTGCATTGTT,1,artic_v4,SARS-CoV-2_2
CACTACACACCCTCTTTTAAGAAAGG,GTAAGACTAGAATTGTCTACATAAGCAGC,1,artic_v4,SARS-CoV-2_2
CACTACACACCCTCTTTTAAGAAAGG,CCGACACTCTTAACAGTATTCTTTGC,1,artic_v4,SARS-CoV-2_2
CACTACACACCCTCTTTTAAGAAAGG,AACCACTAAGACAAACACTACAAGGT,1,artic_v4,SARS-CoV-2_2
CACTACACACCCTCTTTTAAGAAAGG,ACAACATGCACATAACTTTTCCATACA,1,artic_v4,SARS-CoV-2_2
CACTACACACCCTCTTTTAAGAAAGG,TGGATGGAACCATTCTTCACTGT,1,artic_v4,SARS-CoV-2_2
CACTACACACCCTCTTTTAAGAAAGG,GAGTTTTTCCATTGGTACGTTAAAAGTTG,1,artic_v4,SARS-CoV-2_2
CACTACACACCCTCTTTTAAGAAAGG,AGCAATGTTGTGACTTTTTGCTACC,1,artic_v4,SARS-CoV-2_2
CACTACACACCCTCTTTTAAGAAAGG,TGACACCACCATCAATAGCCTTG,1,artic_v4,SARS-CoV-2_2
CACTACACACCCTCTTTTAAGAAAGG,AGCCAAAACACAAGCTGATGTTG,1,artic_v4,SARS-CoV-2_2
GTAGGAGACATTATACTTAAACCAGCAAA,ATAAGGATCAGTGCCAAGCTCG,1,artic_v4,SARS-CoV-2_2
GTAGGAGACATTATACTTAAACCAGCAAA,ACGTGGCTTTATTAGTTGCATTGTT,1,artic_v4,SARS-CoV-2_2
GTAGGAGACATTATACTTAAACCAGCAAA,GTAAGACTAGAATTGTCTACATAAGCAGC,1,artic_v4,SARS-CoV-2_2
GTAGGAGACATTATACTTAAACCAGCAAA,CCGACACTCTTAACAGTATTCTTTGC,1,artic_v4,SARS-CoV-2_2
GTAGGAGACATTATACTTAAACCAGCAAA,AACCACTAAGACAAACACTACAAGGT,1,artic_v4,SARS-CoV-2_2
GTAGGAGACATTATACTTAAACCAGCAAA,ACAACATGCACATAACTTTTCCATACA,1,artic_v4,SARS-CoV-2_2
GTAGGAGACATTATACTTAAACCAGCAAA,TGGATGGAACCATTCTTCACTGT,1,artic_v4,SARS-CoV-2_2
GTAGGAGACATTATACTTAAACCAGCAAA,GAGTTTTTCCATTGGTACGTTAAAAGTTG,1,artic_v4,SARS-CoV-2_2
GTAGGAGACATTATACTTAAACCAGCAAA,AGCAATGTTGTGACTTTTTGCTACC,1,artic_v4,SARS-CoV-2_2
GTAGGAGACATTATACTTAAACCAGCAAA,TGACACCACCATCAATAGCCTTG,1,artic_v4,SARS-CoV-2_2
GTAGGAGACATTATACTTAAACCAGCAAA,AGCCAAAACACAAGCTGATGTTG,1,artic_v4,SARS-CoV-2_2
AAACCGTGTTTGTACTAATTATATGCCTT,ATAAGGATCAGTGCCAAGCTCG,1,artic_v4,SARS-CoV-2_2
AAACCGTGTTTGTACTAATTATATGCCTT,ACGTGGCTTTATTAGTTGCATTGTT,1,artic_v4,SARS-CoV-2_2
AAACCGTGTTTGTACTAATTATATGCCTT,GTAAGACTAGAATTGTCTACATAAGCAGC,1,artic_v4,SARS-CoV-2_2
AAACCGTGTTTGTACTAATTATATGCCTT,CCGACACTCTTAACAGTATTCTTTGC,1,artic_v4,SARS-CoV-2_2
AAACCGTGTTTGTACTAATTATATGCCTT,AACCACTAAGACAAACACTACAAGGT,1,artic_v4,SARS-CoV-2_2
AAACCGTGTTTGTACTAATTATATGCCTT,ACAACATGCACATAACTTTTCCATACA,1,artic_v4,SARS-CoV-2_2
AAACCGTGTTTGTACTAATTATATGCCTT,TGGATGGAACCATTCTTCACTGT,1,artic_v4,SARS-CoV-2_2
AAACCGTGTTTGTACTAATTATATGCCTT,GAGTTTTTCCATTGGTACGTTAAAAGTTG,1,artic_v4,SARS-CoV-2_2
AAACCGTGTTTGTACTAATTATATGCCTT,AGCAATGTTGTGACTTTTTGCTACC,1,artic_v4,SARS-CoV-2_2
AAACCGTGTTTGTACTAATTATATGCCTT,TGACACCACCATCAATAGCCTTG,1,artic_v4,SARS-CoV-2_2
AAACCGTGTTTGTACTAATTATATGCCTT,AGCCAAAACACAAGCTGATGTTG,1,artic_v4,SARS-CoV-2_2
GGTTACAGAGAAGGCTATTTGAACTCT,ATAAGGATCAGTGCCAAGCTCG,1,artic_v4,SARS-CoV-2_2
GGTTACAGAGAAGGCTATTTGAACTCT,ACGTGGCTTTATTAGTTGCATTGTT,1,artic_v4,SARS-CoV-2_2
GGTTACAGAGAAGGCTATTTGAACTCT,GTAAGACTAGAATTGTCTACATAAGCAGC,1,artic_v4,SARS-CoV-2_2
GGTTACAGAGAAGGCTATTTGAACTCT,CCGACACTCTTAACAGTATTCTTTGC,1,artic_v4,SARS-CoV-2_2
GGTTACAGAGAAGGCTATTTGAACTCT,AACCACTAAGACAAACACTACAAGGT,1,artic_v4,SARS-CoV-2_2
GGTTACAGAGAAGGCTATTTGAACTCT,ACAACATGCACATAACTTTTCCATACA,1,artic_v4,SARS-CoV-2_2
GGTTACAGAGAAGGCTATTTGAACTCT,TGGATGGAACCATTCTTCACTGT,1,artic_v4,SARS-CoV-2_2
GGTTACAGAGAAGGCTATTTGAACTCT,GAGTTTTTCCATTGGTACGTTAAAAGTTG,1,artic_v4,SARS-CoV-2_2
GGTTACAGAGAAGGCTATTTGAACTCT,AGCAATGTTGTGACTTTTTGCTACC,1,artic_v4,SARS-CoV-2_2
GGTTACAGAGAAGGCTATTTGAACTCT,TGACACCACCATCAATAGCCTTG,1,artic_v4,SARS-CoV-2_2
GGTTACAGAGAAGGCTATTTGAACTCT,AGCCAAAACACAAGCTGATGTTG,1,artic_v4,SARS-CoV-2_2
CAAATGGCCCCGATTTCAGCTA,ATAAGGATCAGTGCCAAGCTCG,1,artic_v4,SARS-CoV-2_2
CAAATGGCCCCGATTTCAGCTA,ACGTGGCTTTATTAGTTGCATTGTT,1,artic_v4,SARS-CoV-2_2
CAAATGGCCCCGATTTCAGCTA,GTAAGACTAGAATTGTCTACATAAGCAGC,1,artic_v4,SARS-CoV-2_2
CAAATGGCCCCGATTTCAGCTA,CCGACACTCTTAACAGTATTCTTTGC,1,artic_v4,SARS-CoV-2_2
CAAATGGCCCCGATTTCAGCTA,AACCACTAAGACAAACACTACAAGGT,1,artic_v4,SARS-CoV-2_2
CAAATGGCCCCGATTTCAGCTA,ACAACATGCACATAACTTTTCCATACA,1,artic_v4,SARS-CoV-2_2
CAAATGGCCCCGATTTCAGCTA,TGGATGGAACCATTCTTCACTGT,1,artic_v4,SARS-CoV-2_2
CAAATGGCCCCGATTTCAGCTA,GAGTTTTTCCATTGGTACGTTAAAAGTTG,1,artic_v4,SARS-CoV-2_2
CAAATGGCCCCGATTTCAGCTA,AGCAATGTTGTGACTTTTTGCTACC,1,artic_v4,SARS-CoV-2_2
CAAATGGCCCCGATTTCAGCTA,TGACACCACCATCAATAGCCTTG,1,artic_v4,SARS-CoV-2_2
CAAATGGCCCCGATTTCAGCTA,AGCCAAAACACAAGCTGATGTTG,1,artic_v4,SARS-CoV-2_2
GCGAGAGACTTGTCACTACAGTT,ATAAGGATCAGTGCCAAGCTCG,1,artic_v4,SARS-CoV-2_2
GCGAGAGACTTGTCACTACAGTT,ACGTGGCTTTATTAGTTGCATTGTT,1,artic_v4,SARS-CoV-2_2
GCGAGAGACTTGTCACTACAGTT,GTAAGACTAGAATTGTCTACATAAGCAGC,1,artic_v4,SARS-CoV-2_2
GCGAGAGACTTGTCACTACAGTT,CCGACACTCTTAACAGTATTCTTTGC,1,artic_v4,SARS-CoV-2_2
GCGAGAGACTTGTCACTACAGTT,AACCACTAAGACAAACACTACAAGGT,1,artic_v4,SARS-CoV-2_2
GCGAGAGACTTGTCACTACAGTT,ACAACATGCACATAACTTTTCCATACA,1,artic_v4,SARS-CoV-2_2
GCGAGAGACTTGTCACTACAGTT,TGGATGGAACCATTCTTCACTGT,1,artic_v4,SARS-CoV-2_2
GCGAGAGACTTGTCACTACAGTT,GAGTTTTTCCATTGGTACGTTAAAAGTTG,1,artic_v4,SARS-CoV-2_2
GCGAGAGACTTGTCACTACAGTT,AGCAATGTTGTGACTTTTTGCTACC,1,artic_v4,SARS-CoV-2_2
GCGAGAGACTTGTCACTACAGTT,TGACACCACCATCAATAGCCTTG,1,artic_v4,SARS-CoV-2_2
GCGAGAGACTTGTCACTACAGTT,AGCCAAAACACAAGCTGATGTTG,1,artic_v4,SARS-CoV-2_2
CTGATGTTGGTGATAGTGCGGA,ATAAGGATCAGTGCCAAGCTCG,1,artic_v4,SARS-CoV-2_2
CTGATGTTGGTGATAGTGCGGA,ACGTGGCTTTATTAGTTGCATTGTT,1,artic_v4,SARS-CoV-2_2
CTGATGTTGGTGATAGTGCGGA,GTAAGACTAGAATTGTCTACATAAGCAGC,1,artic_v4,SARS-CoV-2_2
CTGATGTTGGTGATAGTGCGGA,CCGACACTCTTAACAGTATTCTTTGC,1,artic_v4,SARS-CoV-2_2
CTGATGTTGGTGATAGTGCGGA,AACCACTAAGACAAACACTACAAGGT,1,artic_v4,SARS-CoV-2_2
CTGATGTTGGTGATAGTGCGGA,ACAACATGCACATAACTTTTCCATACA,1,artic_v4,SARS-CoV-2_2
CTGATGTTGGTGATAGTGCGGA,TGGATGGAACCATTCTTCACTGT,1,artic_v4,SARS-CoV-2_2
CTGATGTTGGTGATAGTGCGGA,GAGTTTTTCCATTGGTACGTTAAAAGTTG,1,artic_v4,SARS-CoV-2_2
CTGATGTTGGTGATAGTGCGGA,AGCAATGTTGTGACTTTTTGCTACC,1,artic_v4,SARS-CoV-2_2
CTGATGTTGGTGATAGTGCGGA,TGACACCACCATCAATAGCCTTG,1,artic_v4,SARS-CoV-2_2
CTGATGTTGGTGATAGTGCGGA,AGCCAAAACACAAGCTGATGTTG,1,artic_v4,SARS-CoV-2_2
TGAAAACATGACACCCCGTGAC,ATAAGGATCAGTGCCAAGCTCG,1,artic_v4,SARS-CoV-2_2
TGAAAACATGACACCCCGTGAC,ACGTGGCTTTATTAGTTGCATTGTT,1,artic_v4,SARS-CoV-2_2
TGAAAACATGACACCCCGTGAC,GTAAGACTAGAATTGTCTACATAAGCAGC,1,artic_v4,SARS-CoV-2_2
TGAAAACATGACACCCCGTGAC,CCGACACTCTTAACAGTATTCTTTGC,1,artic_v4,SARS-CoV-2_2
TGAAAACATGACACCCCGTGAC,AACCACTAAGACAAACACTACAAGGT,1,artic_v4,SARS-CoV-2_2
TGAAAACATGACACCCCGTGAC,ACAACATGCACATAACTTTTCCATACA,1,artic_v4,SARS-CoV-2_2
TGAAAACATGACACCCCGTGAC,TGGATGGAACCATTCTTCACTGT,1,artic_v4,SARS-CoV-2_2
TGAAAACATGACACCCCGTGAC,GAGTTTTTCCATTGGTACGTTAAAAGTTG,1,artic_v4,SARS-CoV-2_2
TGAAAACATGACACCCCGTGAC,AGCAATGTTGTGACTTTTTGCTACC,1,artic_v4,SARS-CoV-2_2
TGAAAACATGACACCCCGTGAC,TGACACCACCATCAATAGCCTTG,1,artic_v4,SARS-CoV-2_2
TGAAAACATGACACCCCGTGAC,AGCCAAAACACAAGCTGATGTTG,1,artic_v4,SARS-CoV-2_2
CTTGTGTTCCTTTTTGTTGCTGC,ATAAGGATCAGTGCCAAGCTCG,1,artic_v4,SARS-CoV-2_2
CTTGTGTTCCTTTTTGTTGCTGC,ACGTGGCTTTATTAGTTGCATTGTT,1,artic_v4,SARS-CoV-2_2
CTTGTGTTCCTTTTTGTTGCTGC,GTAAGACTAGAATTGTCTACATAAGCAGC,1,artic_v4,SARS-CoV-2_2
CTTGTGTTCCTTTTTGTTGCTGC,CCGACACTCTTAACAGTATTCTTTGC,1,artic_v4,SARS-CoV-2_2
CTTGTGTTCCTTTTTGTTGCTGC,AACCACTAAGACAAACACTACAAGGT,1,artic_v4,SARS-CoV-2_2
CTTGTGTTCCTTTTTGTTGCTGC,ACAACATGCACATAACTTTTCCATACA,1,artic_v4,SARS-CoV-2_2
CTTGTGTTCCTTTTTGTTGCTGC,TGGATGGAACCATTCTTCACTGT,1,artic_v4,SARS-CoV-2_2
CTTGTGTTCCTTTTTGTTGCTGC,GAGTTTTTCCATTGGTACGTTAAAAGTTG,1,artic_v4,SARS-CoV-2_2
CTTGTGTTCCTTTTTGTTGCTGC,AGCAATGTTGTGACTTTTTGCTACC,1,artic_v4,SARS-CoV-2_2
CTTGTGTTCCTTTTTGTTGCTGC,TGACACCACCATCAATAGCCTTG,1,artic_v4,SARS-CoV-2_2
CTTGTGTTCCTTTTTGTTGCTGC,AGCCAAAACACAAGCTGATGTTG,1,artic_v4,SARS-CoV-2_2
ACAAAGAAAACAGTTACACAACAACCA,ACGTGGCTTTATTAGTTGCATTGTT,1,artic_v4,SARS-CoV-2_20
CACTACACACCCTCTTTTAAGAAAGG,GTAAGACTAGAATTGTCTACATAAGCAGC,1,artic_v4,SARS-CoV-2_21
GTAGGAGACATTATACTTAAACCAGCAAA,CCGACACTCTTAACAGTATTCTTTGC,1,artic_v4,SARS-CoV-2_22
AAACCGTGTTTGTACTAATTATATGCCTT,AACCACTAAGACAAACACTACAAGGT,0,artic_v4,SARS-CoV-2_23
GGTTACAGAGAAGGCTATTTGAACTCT,ACAACATGCACATAACTTTTCCATACA,1,artic_v4,SARS-CoV-2_24
CAAATGGCCCCGATTTCAGCTA,TGGATGGAACCATTCTTCACTGT,1,artic_v4,SARS-CoV-2_25
GCGAGAGACTTGTCACTACAGTT,GAGTTTTTCCATTGGTACGTTAAAAGTTG,1,artic_v4,SARS-CoV-2_26
CTGATGTTGGTGATAGTGCGGA,AGCAATGTTGTGACTTTTTGCTACC,1,artic_v4,SARS-CoV-2_27
TGAAAACATGACACCCCGTGAC,TGACACCACCATCAATAGCCTTG,1,artic_v4,SARS-CoV-2_28
CTTGTGTTCCTTTTTGTTGCTGC,AGCCAAAACACAAGCTGATGTTG,1,artic_v4,SARS-CoV-2_29
GTAATAAAGGAGCTGGTGGCCA,GCCAATTTAATTTCAAAAGGTGTCTGC,1,artic_v4,SARS-CoV-2_3
GTAATAAAGGAGCTGGTGGCCA,CTACACCACAGAAAACTCCTGGT,1,artic_v4,SARS-CoV-2_3
GTAATAAAGGAGCTGGTGGCCA,AATGAGTAAACTGGTGTTAAACAGAGTAC,1,artic_v4,SARS-CoV-2_3
GTAATAAAGGAGCTGGTGGCCA,GAGGTAATAGCACATCACTACGCA,1,artic_v4,SARS-CoV-2_3
GTAATAAAGGAGCTGGTGGCCA,TGTCTTGGACAGTAAACTACGTCATC,1,artic_v4,SARS-CoV-2_3
GTAATAAAGGAGCTGGTGGCCA,CCACATGAACCATTAAGGAATGAACC,1,artic_v4,SARS-CoV-2_3
GTAATAAAGGAGCTGGTGGCCA,AGGTCCTAGTATGTCAACATGGTCT,1,artic_v4,SARS-CoV-2_3
GTAATAAAGGAGCTGGTGGCCA,ACCCATAGCAAAAGGTAAAAAGGC,1,artic_v4,SARS-CoV-2_3
GTAATAAAGGAGCTGGTGGCCA,GTGTCAAGACATTCATAAGTGTCCAC,1,artic_v4,SARS-CoV-2_3
GTAATAAAGGAGCTGGTGGCCA,CCTGTGTAGAAACTAAGTAATCATAAACACC,1,artic_v4,SARS-CoV-2_3
GTAATAAAGGAGCTGGTGGCCA,CCCTGCATGGAAAGCAAAACAG,1,artic_v4,SARS-CoV-2_3
ACCTAGAGTTTTTAGTGCAGTTGGT,GCCAATTTAATTTCAAAAGGTGTCTGC,1,artic_v4,SARS-CoV-2_3
ACCTAGAGTTTTTAGTGCAGTTGGT,CTACACCACAGAAAACTCCTGGT,1,artic_v4,SARS-CoV-2_3
ACCTAGAGTTTTTAGTGCAGTTGGT,AATGAGTAAACTGGTGTTAAACAGAGTAC,1,artic_v4,SARS-CoV-2_3
ACCTAGAGTTTTTAGTGCAGTTGGT,GAGGTAATAGCACATCACTACGCA,1,artic_v4,SARS-CoV-2_3
ACCTAGAGTTTTTAGTGCAGTTGGT,TGTCTTGGACAGTAAACTACGTCATC,1,artic_v4,SARS-CoV-2_3
ACCTAGAGTTTTTAGTGCAGTTGGT,CCACATGAACCATTAAGGAATGAACC,1,artic_v4,SARS-CoV-2_3
ACCTAGAGTTTTTAGTGCAGTTGGT,AGGTCCTAGTATGTCAACATGGTCT,1,artic_v4,SARS-CoV-2_3
ACCTAGAGTTTTTAGTGCAGTTGGT,ACCCATAGCAAAAGGTAAAAAGGC,1,artic_v4,SARS-CoV-2_3
ACCTAGAGTTTTTAGTGCAGTTGGT,GTGTCAAGACATTCATAAGTGTCCAC,1,artic_v4,SARS-CoV-2_3
ACCTAGAGTTTTTAGTGCAGTTGGT,CCTGTGTAGAAACTAAGTAATCATAAACACC,1,artic_v4,SARS-CoV-2_3
ACCTAGAGTTTTTAGTGCAGTTGGT,CCCTGCATGGAAAGCAAAACAG,1,artic_v4,SARS-CoV-2_3
CCTTGAAGGTTCTGTTAGAGTGGT,GCCAATTTAATTTCAAAAGGTGTCTGC,1,artic_v4,SARS-CoV-2_3
CCTTGAAGGTTCTGTTAGAGTGGT,CTACACCACAGAAAACTCCTGGT,1,artic_v4,SARS-CoV-2_3
CCTTGAAGGTTCTGTTAGAGTGGT,AATGAGTAAACTGGTGTTAAACAGAGTAC,1,artic_v4,SARS-CoV-2_3
CCTTGAAGGTTCTGTTAGAGTGGT,GAGGTAATAGCACATCACTACGCA,1,artic_v4,SARS-CoV-2_3
CCTTGAAGGTTCTGTTAGAGTGGT,TGTCTTGGACAGTAAACTACGTCATC,1,artic_v4,SARS-CoV-2_3
CCTTGAAGGTTCTGTTAGAGTGGT,CCACATGAACCATTAAGGAATGAACC,1,artic_v4,SARS-CoV-2_3
CCTTGAAGGTTCTGTTAGAGTGGT,AGGTCCTAGTATGTCAACATGGTCT,1,artic_v4,SARS-CoV-2_3
CCTTGAAGGTTCTGTTAGAGTGGT,ACCCATAGCAAAAGGTAAAAAGGC,1,artic_v4,SARS-CoV-2_3
CCTTGAAGGTTCTGTTAGAGTGGT,GTGTCAAGACATTCATAAGTGTCCAC,1,artic_v4,SARS-CoV-2_3
CCTTGAAGGTTCTGTTAGAGTGGT,CCTGTGTAGAAACTAAGTAATCATAAACACC,1,artic_v4,SARS-CoV-2_3
CCTTGAAGGTTCTGTTAGAGTGGT,CCCTGCATGGAAAGCAAAACAG,1,artic_v4,SARS-CoV-2_3
GAGCTTTTGGTGAATACAGTCATGTAG,GCCAATTTAATTTCAAAAGGTGTCTGC,1,artic_v4,SARS-CoV-2_3
GAGCTTTTGGTGAATACAGTCATGTAG,CTACACCACAGAAAACTCCTGGT,1,artic_v4,SARS-CoV-2_3
GAGCTTTTGGTGAATACAGTCATGTAG,AATGAGTAAACTGGTGTTAAACAGAGTAC,1,artic_v4,SARS-CoV-2_3
GAGCTTTTGGTGAATACAGTCATGTAG,GAGGTAATAGCACATCACTACGCA,1,artic_v4,SARS-CoV-2_3
GAGCTTTTGGTGAATACAGTCATGTAG,TGTCTTGGACAGTAAACTACGTCATC,1,artic_v4,SARS-CoV-2_3
GAGCTTTTGGTGAATACAGTCATGTAG,CCACATGAACCATTAAGGAATGAACC,1,artic_v4,SARS-CoV-2_3
GAGCTTTTGGTGAATACAGTCATGTAG,AGGTCCTAGTATGTCAACATGGTCT,1,artic_v4,SARS-CoV-2_3
GAGCTTTTGGTGAATACAGTCATGTAG,ACCCATAGCAAAAGGTAAAAAGGC,1,artic_v4,SARS-CoV-2_3
GAGCTTTTGGTGAATACAGTCATGTAG,GTGTCAAGACATTCATAAGTGTCCAC,1,artic_v4,SARS-CoV-2_3
GAGCTTTTGGTGAATACAGTCATGTAG,CCTGTGTAGAAACTAAGTAATCATAAACACC,1,artic_v4,SARS-CoV-2_3
GAGCTTTTGGTGAATACAGTCATGTAG,CCCTGCATGGAAAGCAAAACAG,1,artic_v4,SARS-CoV-2_3
GTACTTTTGAAGAAGCTGCGCTG,GCCAATTTAATTTCAAAAGGTGTCTGC,1,artic_v4,SARS-CoV-2_3
GTACTTTTGAAGAAGCTGCGCTG,CTACACCACAGAAAACTCCTGGT,1,artic_v4,SARS-CoV-2_3
GTACTTTTGAAGAAGCTGCGCTG,AATGAGTAAACTGGTGTTAAACAGAGTAC,1,artic_v4,SARS-CoV-2_3
GTACTTTTGAAGAAGCTGCGCTG,GAGGTAATAGCACATCACTACGCA,1,artic_v4,SARS-CoV-2_3
GTACTTTTGAAGAAGCTGCGCTG,TGTCTTGGACAGTAAACTACGTCATC,1,artic_v4,SARS-CoV-2_3
GTACTTTTGAAGAAGCTGCGCTG,CCACATGAACCATTAAGGAATGAACC,1,artic_v4,SARS-CoV-2_3
GTACTTTTGAAGAAGCTGCGCTG,AGGTCCTAGTATGTCAACATGGTCT,1,artic_v4,SARS-CoV-2_3
GTACTTTTGAAGAAGCTGCGCTG,ACCCATAGCAAAAGGTAAAAAGGC,1,artic_v4,SARS-CoV-2_3
GTACTTTTGAAGAAGCTGCGCTG,GTGTCAAGACATTCATAAGTGTCCAC,1,artic_v4,SARS-CoV-2_3
GTACTTTTGAAGAAGCTGCGCTG,CCTGTGTAGAAACTAAGTAATCATAAACACC,1,artic_v4,SARS-CoV-2_3
GTACTTTTGAAGAAGCTGCGCTG,CCCTGCATGGAAAGCAAAACAG,1,artic_v4,SARS-CoV-2_3
TCCCATCTGGTAAAGTTGAGGGT,GCCAATTTAATTTCAAAAGGTGTCTGC,1,artic_v4,SARS-CoV-2_3
TCCCATCTGGTAAAGTTGAGGGT,CTACACCACAGAAAACTCCTGGT,1,artic_v4,SARS-CoV-2_3
TCCCATCTGGTAAAGTTGAGGGT,AATGAGTAAACTGGTGTTAAACAGAGTAC,1,artic_v4,SARS-CoV-2_3
TCCCATCTGGTAAAGTTGAGGGT,GAGGTAATAGCACATCACTACGCA,1,artic_v4,SARS-CoV-2_3
TCCCATCTGGTAAAGTTGAGGGT,TGTCTTGGACAGTAAACTACGTCATC,1,artic_v4,SARS-CoV-2_3
TCCCATCTGGTAAAGTTGAGGGT,CCACATGAACCATTAAGGAATGAACC,1,artic_v4,SARS-CoV-2_3
TCCCATCTGGTAAAGTTGAGGGT,AGGTCCTAGTATGTCAACATGGTCT,1,artic_v4,SARS-CoV-2_3
TCCCATCTGGTAAAGTTGAGGGT,ACCCATAGCAAAAGGTAAAAAGGC,1,artic_v4,SARS-CoV-2_3
TCCCATCTGGTAAAGTTGAGGGT,GTGTCAAGACATTCATAAGTGTCCAC,1,artic_v4,SARS-CoV-2_3
TCCCATCTGGTAAAGTTGAGGGT,CCTGTGTAGAAACTAAGTAATCATAAACACC,1,artic_v4,SARS-CoV-2_3
TCCCATCTGGTAAAGTTGAGGGT,CCCTGCATGGAAAGCAAAACAG,1,artic_v4,SARS-CoV-2_3
GTGTTAGCTTGTTACAATGGTTCACC,GCCAATTTAATTTCAAAAGGTGTCTGC,1,artic_v4,SARS-CoV-2_3
GTGTTAGCTTGTTACAATGGTTCACC,CTACACCACAGAAAACTCCTGGT,1,artic_v4,SARS-CoV-2_3
GTGTTAGCTTGTTACAATGGTTCACC,AATGAGTAAACTGGTGTTAAACAGAGTAC,1,artic_v4,SARS-CoV-2_3
GTGTTAGCTTGTTACAATGGTTCACC,GAGGTAATAGCACATCACTACGCA,1,artic_v4,SARS-CoV-2_3
GTGTTAGCTTGTTACAATGGTTCACC,TGTCTTGGACAGTAAACTACGTCATC,1,artic_v4,SARS-CoV-2_3
GTGTTAGCTTGTTACAATGGTTCACC,CCACATGAACCATTAAGGAATGAACC,1,artic_v4,SARS-CoV-2_3
GTGTTAGCTTGTTACAATGGTTCACC,AGGTCCTAGTATGTCAACATGGTCT,1,artic_v4,SARS-CoV-2_3
GTGTTAGCTTGTTACAATGGTTCACC,ACCCATAGCAAAAGGTAAAAAGGC,1,artic_v4,SARS-CoV-2_3
GTGTTAGCTTGTTACAATGGTTCACC,GTGTCAAGACATTCATAAGTGTCCAC,1,artic_v4,SARS-CoV-2_3
GTGTTAGCTTGTTACAATGGTTCACC,CCTGTGTAGAAACTAAGTAATCATAAACACC,1,artic_v4,SARS-CoV-2_3
GTGTTAGCTTGTTACAATGGTTCACC,CCCTGCATGGAAAGCAAAACAG,1,artic_v4,SARS-CoV-2_3
CAATCGATTTACCACAACTCTTAATGACT,GCCAATTTAATTTCAAAAGGTGTCTGC,1,artic_v4,SARS-CoV-2_3
CAATCGATTTACCACAACTCTTAATGACT,CTACACCACAGAAAACTCCTGGT,1,artic_v4,SARS-CoV-2_3
CAATCGATTTACCACAACTCTTAATGACT,AATGAGTAAACTGGTGTTAAACAGAGTAC,1,artic_v4,SARS-CoV-2_3
CAATCGATTTACCACAACTCTTAATGACT,GAGGTAATAGCACATCACTACGCA,1,artic_v4,SARS-CoV-2_3
CAATCGATTTACCACAACTCTTAATGACT,TGTCTTGGACAGTAAACTACGTCATC,1,artic_v4,SARS-CoV-2_3
CAATCGATTTACCACAACTCTTAATGACT,CCACATGAACCATTAAGGAATGAACC,1,artic_v4,SARS-CoV-2_3
CAATCGATTTACCACAACTCTTAATGACT,AGGTCCTAGTATGTCAACATGGTCT,1,artic_v4,SARS-CoV-2_3
CAATCGATTTACCACAACTCTTAATGACT,ACCCATAGCAAAAGGTAAAAAGGC,1,artic_v4,SARS-CoV-2_3
CAATCGATTTACCACAACTCTTAATGACT,GTGTCAAGACATTCATAAGTGTCCAC,1,artic_v4,SARS-CoV-2_3
CAATCGATTTACCACAACTCTTAATGACT,CCTGTGTAGAAACTAAGTAATCATAAACACC,1,artic_v4,SARS-CoV-2_3
CAATCGATTTACCACAACTCTTAATGACT,CCCTGCATGGAAAGCAAAACAG,1,artic_v4,SARS-CoV-2_3
CACACCACTGGTTGTTACTCACA,GCCAATTTAATTTCAAAAGGTGTCTGC,1,artic_v4,SARS-CoV-2_3
CACACCACTGGTTGTTACTCACA,CTACACCACAGAAAACTCCTGGT,1,artic_v4,SARS-CoV-2_3
CACACCACTGGTTGTTACTCACA,AATGAGTAAACTGGTGTTAAACAGAGTAC,1,artic_v4,SARS-CoV-2_3
CACACCACTGGTTGTTACTCACA,GAGGTAATAGCACATCACTACGCA,1,artic_v4,SARS-CoV-2_3
CACACCACTGGTTGTTACTCACA,TGTCTTGGACAGTAAACTACGTCATC,1,artic_v4,SARS-CoV-2_3
CACACCACTGGTTGTTACTCACA,CCACATGAACCATTAAGGAATGAACC,1,artic_v4,SARS-CoV-2_3
CACACCACTGGTTGTTACTCACA,AGGTCCTAGTATGTCAACATGGTCT,1,artic_v4,SARS-CoV-2_3
CACACCACTGGTTGTTACTCACA,ACCCATAGCAAAAGGTAAAAAGGC,1,artic_v4,SARS-CoV-2_3
CACACCACTGGTTGTTACTCACA,GTGTCAAGACATTCATAAGTGTCCAC,1,artic_v4,SARS-CoV-2_3
CACACCACTGGTTGTTACTCACA,CCTGTGTAGAAACTAAGTAATCATAAACACC,1,artic_v4,SARS-CoV-2_3
CACACCACTGGTTGTTACTCACA,CCCTGCATGGAAAGCAAAACAG,1,artic_v4,SARS-CoV-2_3
GACTGTGTTATGTATGCATCAGCTG,GCCAATTTAATTTCAAAAGGTGTCTGC,1,artic_v4,SARS-CoV-2_3
GACTGTGTTATGTATGCATCAGCTG,CTACACCACAGAAAACTCCTGGT,1,artic_v4,SARS-CoV-2_3
GACTGTGTTATGTATGCATCAGCTG,AATGAGTAAACTGGTGTTAAACAGAGTAC,1,artic_v4,SARS-CoV-2_3
GACTGTGTTATGTATGCATCAGCTG,GAGGTAATAGCACATCACTACGCA,1,artic_v4,SARS-CoV-2_3
GACTGTGTTATGTATGCATCAGCTG,TGTCTTGGACAGTAAACTACGTCATC,1,artic_v4,SARS-CoV-2_3
GACTGTGTTATGTATGCATCAGCTG,CCACATGAACCATTAAGGAATGAACC,1,artic_v4,SARS-CoV-2_3
GACTGTGTTATGTATGCATCAGCTG,AGGTCCTAGTATGTCAACATGGTCT,1,artic_v4,SARS-CoV-2_3
GACTGTGTTATGTATGCATCAGCTG,ACCCATAGCAAAAGGTAAAAAGGC,1,artic_v4,SARS-CoV-2_3
GACTGTGTTATGTATGCATCAGCTG,GTGTCAAGACATTCATAAGTGTCCAC,1,artic_v4,SARS-CoV-2_3
GACTGTGTTATGTATGCATCAGCTG,CCTGTGTAGAAACTAAGTAATCATAAACACC,1,artic_v4,SARS-CoV-2_3
GACTGTGTTATGTATGCATCAGCTG,CCCTGCATGGAAAGCAAAACAG,1,artic_v4,SARS-CoV-2_3
GCTATTTTTGTACTTGTTACTTTGGCC,GCCAATTTAATTTCAAAAGGTGTCTGC,1,artic_v4,SARS-CoV-2_3
GCTATTTTTGTACTTGTTACTTTGGCC,CTACACCACAGAAAACTCCTGGT,1,artic_v4,SARS-CoV-2_3
GCTATTTTTGTACTTGTTACTTTGGCC,AATGAGTAAACTGGTGTTAAACAGAGTAC,1,artic_v4,SARS-CoV-2_3
GCTATTTTTGTACTTGTTACTTTGGCC,GAGGTAATAGCACATCACTACGCA,1,artic_v4,SARS-CoV-2_3
GCTATTTTTGTACTTGTTACTTTGGCC,TGTCTTGGACAGTAAACTACGTCATC,1,artic_v4,SARS-CoV-2_3
GCTATTTTTGTACTTGTTACTTTGGCC,CCACATGAACCATTAAGGAATGAACC,1,artic_v4,SARS-CoV-2_3
GCTATTTTTGTACTTGTTACTTTGGCC,AGGTCCTAGTATGTCAACATGGTCT,1,artic_v4,SARS-CoV-2_3
GCTATTTTTGTACTTGTTACTTTGGCC,ACCCATAGCAAAAGGTAAAAAGGC,1,artic_v4,SARS-CoV-2_3
GCTATTTTTGTACTTGTTACTTTGGCC,GTGTCAAGACATTCATAAGTGTCCAC,1,artic_v4,SARS-CoV-2_3
GCTATTTTTGTACTTGTTACTTTGGCC,CCTGTGTAGAAACTAAGTAATCATAAACACC,1,artic_v4,SARS-CoV-2_3
GCTATTTTTGTACTTGTTACTTTGGCC,CCCTGCATGGAAAGCAAAACAG,1,artic_v4,SARS-CoV-2_3
ACCTAGAGTTTTTAGTGCAGTTGGT,CTACACCACAGAAAACTCCTGGT,1,artic_v4,SARS-CoV-2_30
CCTTGAAGGTTCTGTTAGAGTGGT,AATGAGTAAACTGGTGTTAAACAGAGTAC,1,artic_v4,SARS-CoV-2_31
GAGCTTTTGGTGAATACAGTCATGTAG,GAGGTAATAGCACATCACTACGCA,1,artic_v4,SARS-CoV-2_32
GTACTTTTGAAGAAGCTGCGCTG,TGTCTTGGACAGTAAACTACGTCATC,1,artic_v4,SARS-CoV-2_33
TCCCATCTGGTAAAGTTGAGGGT,CCACATGAACCATTAAGGAATGAACC,1,artic_v4,SARS-CoV-2_34
GTGTTAGCTTGTTACAATGGTTCACC,AGGTCCTAGTATGTCAACATGGTCT,1,artic_v4,SARS-CoV-2_35
CAATCGATTTACCACAACTCTTAATGACT,ACCCATAGCAAAAGGTAAAAAGGC,1,artic_v4,SARS-CoV-2_36
CACACCACTGGTTGTTACTCACA,GTGTCAAGACATTCATAAGTGTCCAC,1,artic_v4,SARS-CoV-2_37
GACTGTGTTATGTATGCATCAGCTG,CCTGTGTAGAAACTAAGTAATCATAAACACC,1,artic_v4,SARS-CoV-2_38
GCTATTTTTGTACTTGTTACTTTGGCC,CCCTGCATGGAAAGCAAAACAG,1,artic_v4,SARS-CoV-2_39
GTGTATACTGCTGCCGTGAACA,ACAACAGCATTTTGGGGTAAGTAAC,1,artic_v4,SARS-CoV-2_4
GTGTATACTGCTGCCGTGAACA,ACTTTTGCCCTCTTGTCCTCAG,1,artic_v4,SARS-CoV-2_4
GTGTATACTGCTGCCGTGAACA,AAGAGGCCATGCTAAATTAGGTGAA,1,artic_v4,SARS-CoV-2_4
GTGTATACTGCTGCCGTGAACA,TGTCTGTAACAAACCTACAAGGTGG,1,artic_v4,SARS-CoV-2_4
GTGTATACTGCTGCCGTGAACA,CGATGCACCACCAAAGGATTCT,1,artic_v4,SARS-CoV-2_4
GTGTATACTGCTGCCGTGAACA,CATCAGTACTAGTGCCTGTGCC,1,artic_v4,SARS-CoV-2_4
GTGTATACTGCTGCCGTGAACA,TCACAATTACCTTCATCAAAATGCCT,1,artic_v4,SARS-CoV-2_4
GTGTATACTGCTGCCGTGAACA,TCTACAACAGGAACTCCACTACCT,1,artic_v4,SARS-CoV-2_4
GTGTATACTGCTGCCGTGAACA,TGGAACACCATCAACAAATATTTTTCTCA,1,artic_v4,SARS-CoV-2_4
GTGTATACTGCTGCCGTGAACA,CAGAACTTCCTTCCTTAAAGAAACCC,1,artic_v4,SARS-CoV-2_4
GTGTATACTGCTGCCGTGAACA,GGGATGACATTACGTTTTGTATATGCG,1,artic_v4,SARS-CoV-2_4
TGTCCAGTTACACAATGACATTCTCT,ACAACAGCATTTTGGGGTAAGTAAC,1,artic_v4,SARS-CoV-2_4
TGTCCAGTTACACAATGACATTCTCT,ACTTTTGCCCTCTTGTCCTCAG,1,artic_v4,SARS-CoV-2_4
TGTCCAGTTACACAATGACATTCTCT,AAGAGGCCATGCTAAATTAGGTGAA,1,artic_v4,SARS-CoV-2_4
TGTCCAGTTACACAATGACATTCTCT,TGTCTGTAACAAACCTACAAGGTGG,1,artic_v4,SARS-CoV-2_4
TGTCCAGTTACACAATGACATTCTCT,CGATGCACCACCAAAGGATTCT,1,artic_v4,SARS-CoV-2_4
TGTCCAGTTACACAATGACATTCTCT,CATCAGTACTAGTGCCTGTGCC,1,artic_v4,SARS-CoV-2_4
TGTCCAGTTACACAATGACATTCTCT,TCACAATTACCTTCATCAAAATGCCT,1,artic_v4,SARS-CoV-2_4
TGTCCAGTTACACAATGACATTCTCT,TCTACAACAGGAACTCCACTACCT,1,artic_v4,SARS-CoV-2_4
TGTCCAGTTACACAATGACATTCTCT,TGGAACACCATCAACAAATATTTTTCTCA,1,artic_v4,SARS-CoV-2_4
TGTCCAGTTACACAATGACATTCTCT,CAGAACTTCCTTCCTTAAAGAAACCC,1,artic_v4,SARS-CoV-2_4
TGTCCAGTTACACAATGACATTCTCT,GGGATGACATTACGTTTTGTATATGCG,1,artic_v4,SARS-CoV-2_4
ATTTGACCGTGATGCAGCCAT,ACAACAGCATTTTGGGGTAAGTAAC,1,artic_v4,SARS-CoV-2_4
ATTTGACCGTGATGCAGCCAT,ACTTTTGCCCTCTTGTCCTCAG,1,artic_v4,SARS-CoV-2_4
ATTTGACCGTGATGCAGCCAT,AAGAGGCCATGCTAAATTAGGTGAA,1,artic_v4,SARS-CoV-2_4
ATTTGACCGTGATGCAGCCAT,TGTCTGTAACAAACCTACAAGGTGG,1,artic_v4,SARS-CoV-2_4
ATTTGACCGTGATGCAGCCAT,CGATGCACCACCAAAGGATTCT,1,artic_v4,SARS-CoV-2_4
ATTTGACCGTGATGCAGCCAT,CATCAGTACTAGTGCCTGTGCC,1,artic_v4,SARS-CoV-2_4
ATTTGACCGTGATGCAGCCAT,TCACAATTACCTTCATCAAAATGCCT,1,artic_v4,SARS-CoV-2_4
ATTTGACCGTGATGCAGCCAT,TCTACAACAGGAACTCCACTACCT,1,artic_v4,SARS-CoV-2_4
ATTTGACCGTGATGCAGCCAT,TGGAACACCATCAACAAATATTTTTCTCA,1,artic_v4,SARS-CoV-2_4
ATTTGACCGTGATGCAGCCAT,CAGAACTTCCTTCCTTAAAGAAACCC,1,artic_v4,SARS-CoV-2_4
ATTTGACCGTGATGCAGCCAT,GGGATGACATTACGTTTTGTATATGCG,1,artic_v4,SARS-CoV-2_4
TGGTACAACATTTACTTATGCATCAGC,ACAACAGCATTTTGGGGTAAGTAAC,1,artic_v4,SARS-CoV-2_4
TGGTACAACATTTACTTATGCATCAGC,ACTTTTGCCCTCTTGTCCTCAG,1,artic_v4,SARS-CoV-2_4
TGGTACAACATTTACTTATGCATCAGC,AAGAGGCCATGCTAAATTAGGTGAA,1,artic_v4,SARS-CoV-2_4
TGGTACAACATTTACTTATGCATCAGC,TGTCTGTAACAAACCTACAAGGTGG,1,artic_v4,SARS-CoV-2_4
TGGTACAACATTTACTTATGCATCAGC,CGATGCACCACCAAAGGATTCT,1,artic_v4,SARS-CoV-2_4
TGGTACAACATTTACTTATGCATCAGC,CATCAGTACTAGTGCCTGTGCC,1,artic_v4,SARS-CoV-2_4
TGGTACAACATTTACTTATGCATCAGC,TCACAATTACCTTCATCAAAATGCCT,1,artic_v4,SARS-CoV-2_4
TGGTACAACATTTACTTATGCATCAGC,TCTACAACAGGAACTCCACTACCT,1,artic_v4,SARS-CoV-2_4
TGGTACAACATTTACTTATGCATCAGC,TGGAACACCATCAACAAATATTTTTCTCA,1,artic_v4,SARS-CoV-2_4
TGGTACAACATTTACTTATGCATCAGC,CAGAACTTCCTTCCTTAAAGAAACCC,1,artic_v4,SARS-CoV-2_4
TGGTACAACATTTACTTATGCATCAGC,GGGATGACATTACGTTTTGTATATGCG,1,artic_v4,SARS-CoV-2_4
GGATTTGAAATGGGCTAGATTCCCT,ACAACAGCATTTTGGGGTAAGTAAC,1,artic_v4,SARS-CoV-2_4
GGATTTGAAATGGGCTAGATTCCCT,ACTTTTGCCCTCTTGTCCTCAG,1,artic_v4,SARS-CoV-2_4
GGATTTGAAATGGGCTAGATTCCCT,AAGAGGCCATGCTAAATTAGGTGAA,1,artic_v4,SARS-CoV-2_4
GGATTTGAAATGGGCTAGATTCCCT,TGTCTGTAACAAACCTACAAGGTGG,1,artic_v4,SARS-CoV-2_4
GGATTTGAAATGGGCTAGATTCCCT,CGATGCACCACCAAAGGATTCT,1,artic_v4,SARS-CoV-2_4
GGATTTGAAATGGGCTAGATTCCCT,CATCAGTACTAGTGCCTGTGCC,1,artic_v4,SARS-CoV-2_4
GGATTTGAAATGGGCTAGATTCCCT,TCACAATTACCTTCATCAAAATGCCT,1,artic_v4,SARS-CoV-2_4
GGATTTGAAATGGGCTAGATTCCCT,TCTACAACAGGAACTCCACTACCT,1,artic_v4,SARS-CoV-2_4
GGATTTGAAATGGGCTAGATTCCCT,TGGAACACCATCAACAAATATTTTTCTCA,1,artic_v4,SARS-CoV-2_4
GGATTTGAAATGGGCTAGATTCCCT,CAGAACTTCCTTCCTTAAAGAAACCC,1,artic_v4,SARS-CoV-2_4
GGATTTGAAATGGGCTAGATTCCCT,GGGATGACATTACGTTTTGTATATGCG,1,artic_v4,SARS-CoV-2_4
GGGGACAACCAATCACTAATTGTG,ACAACAGCATTTTGGGGTAAGTAAC,1,artic_v4,SARS-CoV-2_4
GGGGACAACCAATCACTAATTGTG,ACTTTTGCCCTCTTGTCCTCAG,1,artic_v4,SARS-CoV-2_4
GGGGACAACCAATCACTAATTGTG,AAGAGGCCATGCTAAATTAGGTGAA,1,artic_v4,SARS-CoV-2_4
GGGGACAACCAATCACTAATTGTG,TGTCTGTAACAAACCTACAAGGTGG,1,artic_v4,SARS-CoV-2_4
GGGGACAACCAATCACTAATTGTG,CGATGCACCACCAAAGGATTCT,1,artic_v4,SARS-CoV-2_4
GGGGACAACCAATCACTAATTGTG,CATCAGTACTAGTGCCTGTGCC,1,artic_v4,SARS-CoV-2_4
GGGGACAACCAATCACTAATTGTG,TCACAATTACCTTCATCAAAATGCCT,1,artic_v4,SARS-CoV-2_4
GGGGACAACCAATCACTAATTGTG,TCTACAACAGGAACTCCACTACCT,1,artic_v4,SARS-CoV-2_4
GGGGACAACCAATCACTAATTGTG,TGGAACACCATCAACAAATATTTTTCTCA,1,artic_v4,SARS-CoV-2_4
GGGGACAACCAATCACTAATTGTG,CAGAACTTCCTTCCTTAAAGAAACCC,1,artic_v4,SARS-CoV-2_4
GGGGACAACCAATCACTAATTGTG,GGGATGACATTACGTTTTGTATATGCG,1,artic_v4,SARS-CoV-2_4
TAAACGGGTTTGCGGTGTAAGT,ACAACAGCATTTTGGGGTAAGTAAC,1,artic_v4,SARS-CoV-2_4
TAAACGGGTTTGCGGTGTAAGT,ACTTTTGCCCTCTTGTCCTCAG,1,artic_v4,SARS-CoV-2_4
TAAACGGGTTTGCGGTGTAAGT,AAGAGGCCATGCTAAATTAGGTGAA,1,artic_v4,SARS-CoV-2_4
TAAACGGGTTTGCGGTGTAAGT,TGTCTGTAACAAACCTACAAGGTGG,1,artic_v4,SARS-CoV-2_4
TAAACGGGTTTGCGGTGTAAGT,CGATGCACCACCAAAGGATTCT,1,artic_v4,SARS-CoV-2_4
TAAACGGGTTTGCGGTGTAAGT,CATCAGTACTAGTGCCTGTGCC,1,artic_v4,SARS-CoV-2_4
TAAACGGGTTTGCGGTGTAAGT,TCACAATTACCTTCATCAAAATGCCT,1,artic_v4,SARS-CoV-2_4
TAAACGGGTTTGCGGTGTAAGT,TCTACAACAGGAACTCCACTACCT,1,artic_v4,SARS-CoV-2_4
TAAACGGGTTTGCGGTGTAAGT,TGGAACACCATCAACAAATATTTTTCTCA,1,artic_v4,SARS-CoV-2_4
TAAACGGGTTTGCGGTGTAAGT,CAGAACTTCCTTCCTTAAAGAAACCC,1,artic_v4,SARS-CoV-2_4
TAAACGGGTTTGCGGTGTAAGT,GGGATGACATTACGTTTTGTATATGCG,1,artic_v4,SARS-CoV-2_4
AGAATAGACGGTGACATGGTACC,ACAACAGCATTTTGGGGTAAGTAAC,1,artic_v4,SARS-CoV-2_4
AGAATAGACGGTGACATGGTACC,ACTTTTGCCCTCTTGTCCTCAG,1,artic_v4,SARS-CoV-2_4
AGAATAGACGGTGACATGGTACC,AAGAGGCCATGCTAAATTAGGTGAA,1,artic_v4,SARS-CoV-2_4
AGAATAGACGGTGACATGGTACC,TGTCTGTAACAAACCTACAAGGTGG,1,artic_v4,SARS-CoV-2_4
AGAATAGACGGTGACATGGTACC,CGATGCACCACCAAAGGATTCT,1,artic_v4,SARS-CoV-2_4
AGAATAGACGGTGACATGGTACC,CATCAGTACTAGTGCCTGTGCC,1,artic_v4,SARS-CoV-2_4
AGAATAGACGGTGACATGGTACC,TCACAATTACCTTCATCAAAATGCCT,1,artic_v4,SARS-CoV-2_4
AGAATAGACGGTGACATGGTACC,TCTACAACAGGAACTCCACTACCT,1,artic_v4,SARS-CoV-2_4
AGAATAGACGGTGACATGGTACC,TGGAACACCATCAACAAATATTTTTCTCA,1,artic_v4,SARS-CoV-2_4
AGAATAGACGGTGACATGGTACC,CAGAACTTCCTTCCTTAAAGAAACCC,1,artic_v4,SARS-CoV-2_4
AGAATAGACGGTGACATGGTACC,GGGATGACATTACGTTTTGTATATGCG,1,artic_v4,SARS-CoV-2_4
TGGTGTACTGACATTAGATAATCAAGATCT,ACAACAGCATTTTGGGGTAAGTAAC,1,artic_v4,SARS-CoV-2_4
TGGTGTACTGACATTAGATAATCAAGATCT,ACTTTTGCCCTCTTGTCCTCAG,1,artic_v4,SARS-CoV-2_4
TGGTGTACTGACATTAGATAATCAAGATCT,AAGAGGCCATGCTAAATTAGGTGAA,1,artic_v4,SARS-CoV-2_4
TGGTGTACTGACATTAGATAATCAAGATCT,TGTCTGTAACAAACCTACAAGGTGG,1,artic_v4,SARS-CoV-2_4
TGGTGTACTGACATTAGATAATCAAGATCT,CGATGCACCACCAAAGGATTCT,1,artic_v4,SARS-CoV-2_4
TGGTGTACTGACATTAGATAATCAAGATCT,CATCAGTACTAGTGCCTGTGCC,1,artic_v4,SARS-CoV-2_4
TGGTGTACTGACATTAGATAATCAAGATCT,TCACAATTACCTTCATCAAAATGCCT,1,artic_v4,SARS-CoV-2_4
TGGTGTACTGACATTAGATAATCAAGATCT,TCTACAACAGGAACTCCACTACCT,1,artic_v4,SARS-CoV-2_4
TGGTGTACTGACATTAGATAATCAAGATCT,TGGAACACCATCAACAAATATTTTTCTCA,1,artic_v4,SARS-CoV-2_4
TGGTGTACTGACATTAGATAATCAAGATCT,CAGAACTTCCTTCCTTAAAGAAACCC,1,artic_v4,SARS-CoV-2_4
TGGTGTACTGACATTAGATAATCAAGATCT,GGGATGACATTACGTTTTGTATATGCG,1,artic_v4,SARS-CoV-2_4
ACTGTTTGGATGACAGATGCATTC,ACAACAGCATTTTGGGGTAAGTAAC,1,artic_v4,SARS-CoV-2_4
ACTGTTTGGATGACAGATGCATTC,ACTTTTGCCCTCTTGTCCTCAG,1,artic_v4,SARS-CoV-2_4
ACTGTTTGGATGACAGATGCATTC,AAGAGGCCATGCTAAATTAGGTGAA,1,artic_v4,SARS-CoV-2_4
ACTGTTTGGATGACAGATGCATTC,TGTCTGTAACAAACCTACAAGGTGG,1,artic_v4,SARS-CoV-2_4
ACTGTTTGGATGACAGATGCATTC,CGATGCACCACCAAAGGATTCT,1,artic_v4,SARS-CoV-2_4
ACTGTTTGGATGACAGATGCATTC,CATCAGTACTAGTGCCTGTGCC,1,artic_v4,SARS-CoV-2_4
ACTGTTTGGATGACAGATGCATTC,TCACAATTACCTTCATCAAAATGCCT,1,artic_v4,SARS-CoV-2_4
ACTGTTTGGATGACAGATGCATTC,TCTACAACAGGAACTCCACTACCT,1,artic_v4,SARS-CoV-2_4
ACTGTTTGGATGACAGATGCATTC,TGGAACACCATCAACAAATATTTTTCTCA,1,artic_v4,SARS-CoV-2_4
ACTGTTTGGATGACAGATGCATTC,CAGAACTTCCTTCCTTAAAGAAACCC,1,artic_v4,SARS-CoV-2_4
ACTGTTTGGATGACAGATGCATTC,GGGATGACATTACGTTTTGTATATGCG,1,artic_v4,SARS-CoV-2_4
ACAATGTTGCTTTTCAAACTGTCAAAC,ACAACAGCATTTTGGGGTAAGTAAC,1,artic_v4,SARS-CoV-2_4
ACAATGTTGCTTTTCAAACTGTCAAAC,ACTTTTGCCCTCTTGTCCTCAG,1,artic_v4,SARS-CoV-2_4
ACAATGTTGCTTTTCAAACTGTCAAAC,AAGAGGCCATGCTAAATTAGGTGAA,1,artic_v4,SARS-CoV-2_4
ACAATGTTGCTTTTCAAACTGTCAAAC,TGTCTGTAACAAACCTACAAGGTGG,1,artic_v4,SARS-CoV-2_4
ACAATGTTGCTTTTCAAACTGTCAAAC,CGATGCACCACCAAAGGATTCT,1,artic_v4,SARS-CoV-2_4
ACAATGTTGCTTTTCAAACTGTCAAAC,CATCAGTACTAGTGCCTGTGCC,1,artic_v4,SARS-CoV-2_4
ACAATGTTGCTTTTCAAACTGTCAAAC,TCACAATTACCTTCATCAAAATGCCT,1,artic_v4,SARS-CoV-2_4
ACAATGTTGCTTTTCAAACTGTCAAAC,TCTACAACAGGAACTCCACTACCT,1,artic_v4,SARS-CoV-2_4
ACAATGTTGCTTTTCAAACTGTCAAAC,TGGAACACCATCAACAAATATTTTTCTCA,1,artic_v4,SARS-CoV-2_4
ACAATGTTGCTTTTCAAACTGTCAAAC,CAGAACTTCCTTCCTTAAAGAAACCC,1,artic_v4,SARS-CoV-2_4
ACAATGTTGCTTTTCAAACTGTCAAAC,GGGATGACATTACGTTTTGTATATGCG,1,artic_v4,SARS-CoV-2_4
TGTCCAGTTACACAATGACATTCTCT,ACTTTTGCCCTCTTGTCCTCAG,1,artic_v4,SARS-CoV-2_40
ATTTGACCGTGATGCAGCCAT,AAGAGGCCATGCTAAATTAGGTGAA,1,artic_v4,SARS-CoV-2_41
TGGTACAACATTTACTTATGCATCAGC,TGTCTGTAACAAACCTACAAGGTGG,1,artic_v4,SARS-CoV-2_42
GGATTTGAAATGGGCTAGATTCCCT,CGATGCACCACCAAAGGATTCT,1,artic_v4,SARS-CoV-2_43
GGGGACAACCAATCACTAATTGTG,CATCAGTACTAGTGCCTGTGCC,1,artic_v4,SARS-CoV-2_44
TAAACGGGTTTGCGGTGTAAGT,TCACAATTACCTTCATCAAAATGCCT,1,artic_v4,SARS-CoV-2_45
AGAATAGACGGTGACATGGTACC,TCTACAACAGGAACTCCACTACCT,1,artic_v4,SARS-CoV-2_46
TGGTGTACTGACATTAGATAATCAAGATCT,TGGAACACCATCAACAAATATTTTTCTCA,1,artic_v4,SARS-CoV-2_47
ACTGTTTGGATGACAGATGCATTC,CAGAACTTCCTTCCTTAAAGAAACCC,1,artic_v4,SARS-CoV-2_48
ACAATGTTGCTTTTCAAACTGTCAAAC,GGGATGACATTACGTTTTGTATATGCG,1,artic_v4,SARS-CoV-2_49
TGAAACTTCATGGCAGACGGG,TTGATGTTGACTTTCTCTTTTTGGAGT,1,artic_v4,SARS-CoV-2_5
TGAAACTTCATGGCAGACGGG,GAGCAAGAACAAGTGAGGCCAT,1,artic_v4,SARS-CoV-2_5
TGAAACTTCATGGCAGACGGG,GTCTGTGTTGTAAATTGCGGACA,1,artic_v4,SARS-CoV-2_5
TGAAACTTCATGGCAGACGGG,GGATCTGGGTAAGGAAGGTACACA,1,artic_v4,SARS-CoV-2_5
TGAAACTTCATGGCAGACGGG,GCAAAGAACACAAGCCCCAAC,1,artic_v4,SARS-CoV-2_5
TGAAACTTCATGGCAGACGGG,CCAAAAACTTGTCCATTAGCACACA,1,artic_v4,SARS-CoV-2_5
TGAAACTTCATGGCAGACGGG,ACACGATAACCAGTAAAGACATAATTTCG,1,artic_v4,SARS-CoV-2_5
TGAAACTTCATGGCAGACGGG,TGACTCTTACCAGTACCAGGTGG,1,artic_v4,SARS-CoV-2_5
TGAAACTTCATGGCAGACGGG,CTGGCATTGACAACACTCAAATCA,1,artic_v4,SARS-CoV-2_5
TGAAACTTCATGGCAGACGGG,TGTGGCCTGTTAATTGCAGATGA,1,artic_v4,SARS-CoV-2_5
TGAAACTTCATGGCAGACGGG,TCCTACGTGGAATTTCAAGACTTGT,1,artic_v4,SARS-CoV-2_5
CATTTAATAAATGGGGTAAGGCTAGACTTT,TTGATGTTGACTTTCTCTTTTTGGAGT,1,artic_v4,SARS-CoV-2_5
CATTTAATAAATGGGGTAAGGCTAGACTTT,GAGCAAGAACAAGTGAGGCCAT,1,artic_v4,SARS-CoV-2_5
CATTTAATAAATGGGGTAAGGCTAGACTTT,GTCTGTGTTGTAAATTGCGGACA,1,artic_v4,SARS-CoV-2_5
CATTTAATAAATGGGGTAAGGCTAGACTTT,GGATCTGGGTAAGGAAGGTACACA,1,artic_v4,SARS-CoV-2_5
CATTTAATAAATGGGGTAAGGCTAGACTTT,GCAAAGAACACAAGCCCCAAC,1,artic_v4,SARS-CoV-2_5
CATTTAATAAATGGGGTAAGGCTAGACTTT,CCAAAAACTTGTCCATTAGCACACA,1,artic_v4,SARS-CoV-2_5
CATTTAATAAATGGGGTAAGGCTAGACTTT,ACACGATAACCAGTAAAGACATAATTTCG,1,artic_v4,SARS-CoV-2_5
CATTTAATAAATGGGGTAAGGCTAGACTTT,TGACTCTTACCAGTACCAGGTGG,1,artic_v4,SARS-CoV-2_5
CATTTAATAAATGGGGTAAGGCTAGACTTT,CTGGCATTGACAACACTCAAATCA,1,artic_v4,SARS-CoV-2_5
CATTTAATAAATGGGGTAAGGCTAGACTTT,TGTGGCCTGTTAATTGCAGATGA,1,artic_v4,SARS-CoV-2_5
CATTTAATAAATGGGGTAAGGCTAGACTTT,TCCTACGTGGAATTTCAAGACTTGT,1,artic_v4,SARS-CoV-2_5
GCAAATTCTATGGTGGTTGGCAC,TTGATGTTGACTTTCTCTTTTTGGAGT,1,artic_v4,SARS-CoV-2_5
GCAAATTCTATGGTGGTTGGCAC,GAGCAAGAACAAGTGAGGCCAT,1,artic_v4,SARS-CoV-2_5
GCAAATTCTATGGTGGTTGGCAC,GTCTGTGTTGTAAATTGCGGACA,1,artic_v4,SARS-CoV-2_5
GCAAATTCTATGGTGGTTGGCAC,GGATCTGGGTAAGGAAGGTACACA,1,artic_v4,SARS-CoV-2_5
GCAAATTCTATGGTGGTTGGCAC,GCAAAGAACACAAGCCCCAAC,1,artic_v4,SARS-CoV-2_5
GCAAATTCTATGGTGGTTGGCAC,CCAAAAACTTGTCCATTAGCACACA,1,artic_v4,SARS-CoV-2_5
GCAAATTCTATGGTGGTTGGCAC,ACACGATAACCAGTAAAGACATAATTTCG,1,artic_v4,SARS-CoV-2_5
GCAAATTCTATGGTGGTTGGCAC,TGACTCTTACCAGTACCAGGTGG,1,artic_v4,SARS-CoV-2_5
GCAAATTCTATGGTGGTTGGCAC,CTGGCATTGACAACACTCAAATCA,1,artic_v4,SARS-CoV-2_5
GCAAATTCTATGGTGGTTGGCAC,TGTGGCCTGTTAATTGCAGATGA,1,artic_v4,SARS-CoV-2_5
GCAAATTCTATGGTGGTTGGCAC,TCCTACGTGGAATTTCAAGACTTGT,1,artic_v4,SARS-CoV-2_5
CTGTCACGGCCAATGTTAATGC,TTGATGTTGACTTTCTCTTTTTGGAGT,1,artic_v4,SARS-CoV-2_5
CTGTCACGGCCAATGTTAATGC,GAGCAAGAACAAGTGAGGCCAT,1,artic_v4,SARS-CoV-2_5
CTGTCACGGCCAATGTTAATGC,GTCTGTGTTGTAAATTGCGGACA,1,artic_v4,SARS-CoV-2_5
CTGTCACGGCCAATGTTAATGC,GGATCTGGGTAAGGAAGGTACACA,1,artic_v4,SARS-CoV-2_5
CTGTCACGGCCAATGTTAATGC,GCAAAGAACACAAGCCCCAAC,1,artic_v4,SARS-CoV-2_5
CTGTCACGGCCAATGTTAATGC,CCAAAAACTTGTCCATTAGCACACA,1,artic_v4,SARS-CoV-2_5
CTGTCACGGCCAATGTTAATGC,ACACGATAACCAGTAAAGACATAATTTCG,1,artic_v4,SARS-CoV-2_5
CTGTCACGGCCAATGTTAATGC,TGACTCTTACCAGTACCAGGTGG,1,artic_v4,SARS-CoV-2_5
CTGTCACGGCCAATGTTAATGC,CTGGCATTGACAACACTCAAATCA,1,artic_v4,SARS-CoV-2_5
CTGTCACGGCCAATGTTAATGC,TGTGGCCTGTTAATTGCAGATGA,1,artic_v4,SARS-CoV-2_5
CTGTCACGGCCAATGTTAATGC,TCCTACGTGGAATTTCAAGACTTGT,1,artic_v4,SARS-CoV-2_5
ACTAAAGGACCTCATGAATTTTGCTC,TTGATGTTGACTTTCTCTTTTTGGAGT,1,artic_v4,SARS-CoV-2_5
ACTAAAGGACCTCATGAATTTTGCTC,GAGCAAGAACAAGTGAGGCCAT,1,artic_v4,SARS-CoV-2_5
ACTAAAGGACCTCATGAATTTTGCTC,GTCTGTGTTGTAAATTGCGGACA,1,artic_v4,SARS-CoV-2_5
ACTAAAGGACCTCATGAATTTTGCTC,GGATCTGGGTAAGGAAGGTACACA,1,artic_v4,SARS-CoV-2_5
ACTAAAGGACCTCATGAATTTTGCTC,GCAAAGAACACAAGCCCCAAC,1,artic_v4,SARS-CoV-2_5
ACTAAAGGACCTCATGAATTTTGCTC,CCAAAAACTTGTCCATTAGCACACA,1,artic_v4,SARS-CoV-2_5
ACTAAAGGACCTCATGAATTTTGCTC,ACACGATAACCAGTAAAGACATAATTTCG,1,artic_v4,SARS-CoV-2_5
ACTAAAGGACCTCATGAATTTTGCTC,TGACTCTTACCAGTACCAGGTGG,1,artic_v4,SARS-CoV-2_5
ACTAAAGGACCTCATGAATTTTGCTC,CTGGCATTGACAACACTCAAATCA,1,artic_v4,SARS-CoV-2_5
ACTAAAGGACCTCATGAATTTTGCTC,TGTGGCCTGTTAATTGCAGATGA,1,artic_v4,SARS-CoV-2_5
ACTAAAGGACCTCATGAATTTTGCTC,TCCTACGTGGAATTTCAAGACTTGT,1,artic_v4,SARS-CoV-2_5
ACATGATGAGTTAACAGGACACATG,TTGATGTTGACTTTCTCTTTTTGGAGT,1,artic_v4,SARS-CoV-2_5
ACATGATGAGTTAACAGGACACATG,GAGCAAGAACAAGTGAGGCCAT,1,artic_v4,SARS-CoV-2_5
ACATGATGAGTTAACAGGACACATG,GTCTGTGTTGTAAATTGCGGACA,1,artic_v4,SARS-CoV-2_5
ACATGATGAGTTAACAGGACACATG,GGATCTGGGTAAGGAAGGTACACA,1,artic_v4,SARS-CoV-2_5
ACATGATGAGTTAACAGGACACATG,GCAAAGAACACAAGCCCCAAC,1,artic_v4,SARS-CoV-2_5
ACATGATGAGTTAACAGGACACATG,CCAAAAACTTGTCCATTAGCACACA,1,artic_v4,SARS-CoV-2_5
ACATGATGAGTTAACAGGACACATG,ACACGATAACCAGTAAAGACATAATTTCG,1,artic_v4,SARS-CoV-2_5
ACATGATGAGTTAACAGGACACATG,TGACTCTTACCAGTACCAGGTGG,1,artic_v4,SARS-CoV-2_5
ACATGATGAGTTAACAGGACACATG,CTGGCATTGACAACACTCAAATCA,1,artic_v4,SARS-CoV-2_5
ACATGATGAGTTAACAGGACACATG,TGTGGCCTGTTAATTGCAGATGA,1,artic_v4,SARS-CoV-2_5
ACATGATGAGTTAACAGGACACATG,TCCTACGTGGAATTTCAAGACTTGT,1,artic_v4,SARS-CoV-2_5
AATGCTCCAGGTTGTGATGTCA,TTGATGTTGACTTTCTCTTTTTGGAGT,1,artic_v4,SARS-CoV-2_5
AATGCTCCAGGTTGTGATGTCA,GAGCAAGAACAAGTGAGGCCAT,1,artic_v4,SARS-CoV-2_5
AATGCTCCAGGTTGTGATGTCA,GTCTGTGTTGTAAATTGCGGACA,1,artic_v4,SARS-CoV-2_5
AATGCTCCAGGTTGTGATGTCA,GGATCTGGGTAAGGAAGGTACACA,1,artic_v4,SARS-CoV-2_5
AATGCTCCAGGTTGTGATGTCA,GCAAAGAACACAAGCCCCAAC,1,artic_v4,SARS-CoV-2_5
AATGCTCCAGGTTGTGATGTCA,CCAAAAACTTGTCCATTAGCACACA,1,artic_v4,SARS-CoV-2_5
AATGCTCCAGGTTGTGATGTCA,ACACGATAACCAGTAAAGACATAATTTCG,1,artic_v4,SARS-CoV-2_5
AATGCTCCAGGTTGTGATGTCA,TGACTCTTACCAGTACCAGGTGG,1,artic_v4,SARS-CoV-2_5
AATGCTCCAGGTTGTGATGTCA,CTGGCATTGACAACACTCAAATCA,1,artic_v4,SARS-CoV-2_5
AATGCTCCAGGTTGTGATGTCA,TGTGGCCTGTTAATTGCAGATGA,1,artic_v4,SARS-CoV-2_5
AATGCTCCAGGTTGTGATGTCA,TCCTACGTGGAATTTCAAGACTTGT,1,artic_v4,SARS-CoV-2_5
ACTGTACGTGAAGTGCTGTCTG,TTGATGTTGACTTTCTCTTTTTGGAGT,1,artic_v4,SARS-CoV-2_5
ACTGTACGTGAAGTGCTGTCTG,GAGCAAGAACAAGTGAGGCCAT,1,artic_v4,SARS-CoV-2_5
ACTGTACGTGAAGTGCTGTCTG,GTCTGTGTTGTAAATTGCGGACA,1,artic_v4,SARS-CoV-2_5
ACTGTACGTGAAGTGCTGTCTG,GGATCTGGGTAAGGAAGGTACACA,1,artic_v4,SARS-CoV-2_5
ACTGTACGTGAAGTGCTGTCTG,GCAAAGAACACAAGCCCCAAC,1,artic_v4,SARS-CoV-2_5
ACTGTACGTGAAGTGCTGTCTG,CCAAAAACTTGTCCATTAGCACACA,1,artic_v4,SARS-CoV-2_5
ACTGTACGTGAAGTGCTGTCTG,ACACGATAACCAGTAAAGACATAATTTCG,1,artic_v4,SARS-CoV-2_5
ACTGTACGTGAAGTGCTGTCTG,TGACTCTTACCAGTACCAGGTGG,1,artic_v4,SARS-CoV-2_5
ACTGTACGTGAAGTGCTGTCTG,CTGGCATTGACAACACTCAAATCA,1,artic_v4,SARS-CoV-2_5
ACTGTACGTGAAGTGCTGTCTG,TGTGGCCTGTTAATTGCAGATGA,1,artic_v4,SARS-CoV-2_5
ACTGTACGTGAAGTGCTGTCTG,TCCTACGTGGAATTTCAAGACTTGT,1,artic_v4,SARS-CoV-2_5
GGCTTATACCCAACACTCAATATCTCA,TTGATGTTGACTTTCTCTTTTTGGAGT,1,artic_v4,SARS-CoV-2_5
GGCTTATACCCAACACTCAATATCTCA,GAGCAAGAACAAGTGAGGCCAT,1,artic_v4,SARS-CoV-2_5
GGCTTATACCCAACACTCAATATCTCA,GTCTGTGTTGTAAATTGCGGACA,1,artic_v4,SARS-CoV-2_5
GGCTTATACCCAACACTCAATATCTCA,GGATCTGGGTAAGGAAGGTACACA,1,artic_v4,SARS-CoV-2_5
GGCTTATACCCAACACTCAATATCTCA,GCAAAGAACACAAGCCCCAAC,1,artic_v4,SARS-CoV-2_5
GGCTTATACCCAACACTCAATATCTCA,CCAAAAACTTGTCCATTAGCACACA,1,artic_v4,SARS-CoV-2_5
GGCTTATACCCAACACTCAATATCTCA,ACACGATAACCAGTAAAGACATAATTTCG,1,artic_v4,SARS-CoV-2_5
GGCTTATACCCAACACTCAATATCTCA,TGACTCTTACCAGTACCAGGTGG,1,artic_v4,SARS-CoV-2_5
GGCTTATACCCAACACTCAATATCTCA,CTGGCATTGACAACACTCAAATCA,1,artic_v4,SARS-CoV-2_5
GGCTTATACCCAACACTCAATATCTCA,TGTGGCCTGTTAATTGCAGATGA,1,artic_v4,SARS-CoV-2_5
GGCTTATACCCAACACTCAATATCTCA,TCCTACGTGGAATTTCAAGACTTGT,1,artic_v4,SARS-CoV-2_5
TGCCTGAGACGACAGCAGATAT,TTGATGTTGACTTTCTCTTTTTGGAGT,1,artic_v4,SARS-CoV-2_5
TGCCTGAGACGACAGCAGATAT,GAGCAAGAACAAGTGAGGCCAT,1,artic_v4,SARS-CoV-2_5
TGCCTGAGACGACAGCAGATAT,GTCTGTGTTGTAAATTGCGGACA,1,artic_v4,SARS-CoV-2_5
TGCCTGAGACGACAGCAGATAT,GGATCTGGGTAAGGAAGGTACACA,1,artic_v4,SARS-CoV-2_5
TGCCTGAGACGACAGCAGATAT,GCAAAGAACACAAGCCCCAAC,1,artic_v4,SARS-CoV-2_5
TGCCTGAGACGACAGCAGATAT,CCAAAAACTTGTCCATTAGCACACA,1,artic_v4,SARS-CoV-2_5
TGCCTGAGACGACAGCAGATAT,ACACGATAACCAGTAAAGACATAATTTCG,1,artic_v4,SARS-CoV-2_5
TGCCTGAGACGACAGCAGATAT,TGACTCTTACCAGTACCAGGTGG,1,artic_v4,SARS-CoV-2_5
TGCCTGAGACGACAGCAGATAT,CTGGCATTGACAACACTCAAATCA,1,artic_v4,SARS-CoV-2_5
TGCCTGAGACGACAGCAGATAT,TGTGGCCTGTTAATTGCAGATGA,1,artic_v4,SARS-CoV-2_5
TGCCTGAGACGACAGCAGATAT,TCCTACGTGGAATTTCAAGACTTGT,1,artic_v4,SARS-CoV-2_5
GCTTAAAGCACATAAAGACAAATCAGC,TTGATGTTGACTTTCTCTTTTTGGAGT,1,artic_v4,SARS-CoV-2_5
GCTTAAAGCACATAAAGACAAATCAGC,GAGCAAGAACAAGTGAGGCCAT,1,artic_v4,SARS-CoV-2_5
GCTTAAAGCACATAAAGACAAATCAGC,GTCTGTGTTGTAAATTGCGGACA,1,artic_v4,SARS-CoV-2_5
GCTTAAAGCACATAAAGACAAATCAGC,GGATCTGGGTAAGGAAGGTACACA,1,artic_v4,SARS-CoV-2_5
GCTTAAAGCACATAAAGACAAATCAGC,GCAAAGAACACAAGCCCCAAC,1,artic_v4,SARS-CoV-2_5
GCTTAAAGCACATAAAGACAAATCAGC,CCAAAAACTTGTCCATTAGCACACA,1,artic_v4,SARS-CoV-2_5
GCTTAAAGCACATAAAGACAAATCAGC,ACACGATAACCAGTAAAGACATAATTTCG,1,artic_v4,SARS-CoV-2_5
GCTTAAAGCACATAAAGACAAATCAGC,TGACTCTTACCAGTACCAGGTGG,1,artic_v4,SARS-CoV-2_5
GCTTAAAGCACATAAAGACAAATCAGC,CTGGCATTGACAACACTCAAATCA,1,artic_v4,SARS-CoV-2_5
GCTTAAAGCACATAAAGACAAATCAGC,TGTGGCCTGTTAATTGCAGATGA,1,artic_v4,SARS-CoV-2_5
GCTTAAAGCACATAAAGACAAATCAGC,TCCTACGTGGAATTTCAAGACTTGT,1,artic_v4,SARS-CoV-2_5
CATTTAATAAATGGGGTAAGGCTAGACTTT,GAGCAAGAACAAGTGAGGCCAT,1,artic_v4,SARS-CoV-2_50
GCAAATTCTATGGTGGTTGGCAC,GTCTGTGTTGTAAATTGCGGACA,1,artic_v4,SARS-CoV-2_51
CTGTCACGGCCAATGTTAATGC,GGATCTGGGTAAGGAAGGTACACA,1,artic_v4,SARS-CoV-2_52
ACTAAAGGACCTCATGAATTTTGCTC,GCAAAGAACACAAGCCCCAAC,1,artic_v4,SARS-CoV-2_53
ACATGATGAGTTAACAGGACACATG,CCAAAAACTTGTCCATTAGCACACA,1,artic_v4,SARS-CoV-2_54
AATGCTCCAGGTTGTGATGTCA,ACACGATAACCAGTAAAGACATAATTTCG,1,artic_v4,SARS-CoV-2_55
ACTGTACGTGAAGTGCTGTCTG,TGACTCTTACCAGTACCAGGTGG,1,artic_v4,SARS-CoV-2_56
GGCTTATACCCAACACTCAATATCTCA,CTGGCATTGACAACACTCAAATCA,1,artic_v4,SARS-CoV-2_57
TGCCTGAGACGACAGCAGATAT,TGTGGCCTGTTAATTGCAGATGA,1,artic_v4,SARS-CoV-2_58
GCTTAAAGCACATAAAGACAAATCAGC,TCCTACGTGGAATTTCAAGACTTGT,1,artic_v4,SARS-CoV-2_59
CGTGCTAGCGCTAACATAGGTT,AACACGCACAGAATTTTGAGCAG,1,artic_v4,SARS-CoV-2_6
CGTGCTAGCGCTAACATAGGTT,TAGCATGACACCCCTCGACAT,1,artic_v4,SARS-CoV-2_6
CGTGCTAGCGCTAACATAGGTT,GCTCAGGTCCTATTTTCACAAAATACTT,1,artic_v4,SARS-CoV-2_6
CGTGCTAGCGCTAACATAGGTT,CCGCATTAATCTTCAGTTCATCACC,1,artic_v4,SARS-CoV-2_6
CGTGCTAGCGCTAACATAGGTT,CCAGGCAAGTTAAGGTTAGATAGCA,1,artic_v4,SARS-CoV-2_6
CGTGCTAGCGCTAACATAGGTT,GTATCAAATTGTTTGTAAACCCACAAGC,1,artic_v4,SARS-CoV-2_6
CGTGCTAGCGCTAACATAGGTT,GCTGGAGCATCTCTTTTGTAGTCC,1,artic_v4,SARS-CoV-2_6
CGTGCTAGCGCTAACATAGGTT,TTTCTACTCTGAGTAAAGTAAGTTTCAGGT,1,artic_v4,SARS-CoV-2_6
CGTGCTAGCGCTAACATAGGTT,AACACACACACTTAGATGAACCTGT,1,artic_v4,SARS-CoV-2_6
CGTGCTAGCGCTAACATAGGTT,GCGACATTCATCATTATGCCTTTAGG,1,artic_v4,SARS-CoV-2_6
CGTGCTAGCGCTAACATAGGTT,TTTGTAACATTTTTAGTCTTAGGGTCGTAC,1,artic_v4,SARS-CoV-2_6
ACAGATTTAATGTTGCTATTACCAGAGC,AACACGCACAGAATTTTGAGCAG,1,artic_v4,SARS-CoV-2_6
ACAGATTTAATGTTGCTATTACCAGAGC,TAGCATGACACCCCTCGACAT,1,artic_v4,SARS-CoV-2_6
ACAGATTTAATGTTGCTATTACCAGAGC,GCTCAGGTCCTATTTTCACAAAATACTT,1,artic_v4,SARS-CoV-2_6
ACAGATTTAATGTTGCTATTACCAGAGC,CCGCATTAATCTTCAGTTCATCACC,1,artic_v4,SARS-CoV-2_6
ACAGATTTAATGTTGCTATTACCAGAGC,CCAGGCAAGTTAAGGTTAGATAGCA,1,artic_v4,SARS-CoV-2_6
ACAGATTTAATGTTGCTATTACCAGAGC,GTATCAAATTGTTTGTAAACCCACAAGC,1,artic_v4,SARS-CoV-2_6
ACAGATTTAATGTTGCTATTACCAGAGC,GCTGGAGCATCTCTTTTGTAGTCC,1,artic_v4,SARS-CoV-2_6
ACAGATTTAATGTTGCTATTACCAGAGC,TTTCTACTCTGAGTAAAGTAAGTTTCAGGT,1,artic_v4,SARS-CoV-2_6
ACAGATTTAATGTTGCTATTACCAGAGC,AACACACACACTTAGATGAACCTGT,1,artic_v4,SARS-CoV-2_6
ACAGATTTAATGTTGCTATTACCAGAGC,GCGACATTCATCATTATGCCTTTAGG,1,artic_v4,SARS-CoV-2_6
ACAGATTTAATGTTGCTATTACCAGAGC,TTTGTAACATTTTTAGTCTTAGGGTCGTAC,1,artic_v4,SARS-CoV-2_6
ACCCTAACATGTTTATCACCCGC,AACACGCACAGAATTTTGAGCAG,1,artic_v4,SARS-CoV-2_6
ACCCTAACATGTTTATCACCCGC,TAGCATGACACCCCTCGACAT,1,artic_v4,SARS-CoV-2_6
ACCCTAACATGTTTATCACCCGC,GCTCAGGTCCTATTTTCACAAAATACTT,1,artic_v4,SARS-CoV-2_6
ACCCTAACATGTTTATCACCCGC,CCGCATTAATCTTCAGTTCATCACC,1,artic_v4,SARS-CoV-2_6
ACCCTAACATGTTTATCACCCGC,CCAGGCAAGTTAAGGTTAGATAGCA,1,artic_v4,SARS-CoV-2_6
ACCCTAACATGTTTATCACCCGC,GTATCAAATTGTTTGTAAACCCACAAGC,1,artic_v4,SARS-CoV-2_6
ACCCTAACATGTTTATCACCCGC,GCTGGAGCATCTCTTTTGTAGTCC,1,artic_v4,SARS-CoV-2_6
ACCCTAACATGTTTATCACCCGC,TTTCTACTCTGAGTAAAGTAAGTTTCAGGT,1,artic_v4,SARS-CoV-2_6
ACCCTAACATGTTTATCACCCGC,AACACACACACTTAGATGAACCTGT,1,artic_v4,SARS-CoV-2_6
ACCCTAACATGTTTATCACCCGC,GCGACATTCATCATTATGCCTTTAGG,1,artic_v4,SARS-CoV-2_6
ACCCTAACATGTTTATCACCCGC,TTTGTAACATTTTTAGTCTTAGGGTCGTAC,1,artic_v4,SARS-CoV-2_6
GTGACACACTTAAAAATCTCTCTGACAG,AACACGCACAGAATTTTGAGCAG,1,artic_v4,SARS-CoV-2_6
GTGACACACTTAAAAATCTCTCTGACAG,TAGCATGACACCCCTCGACAT,1,artic_v4,SARS-CoV-2_6
GTGACACACTTAAAAATCTCTCTGACAG,GCTCAGGTCCTATTTTCACAAAATACTT,1,artic_v4,SARS-CoV-2_6
GTGACACACTTAAAAATCTCTCTGACAG,CCGCATTAATCTTCAGTTCATCACC,1,artic_v4,SARS-CoV-2_6
GTGACACACTTAAAAATCTCTCTGACAG,CCAGGCAAGTTAAGGTTAGATAGCA,1,artic_v4,SARS-CoV-2_6
GTGACACACTTAAAAATCTCTCTGACAG,GTATCAAATTGTTTGTAAACCCACAAGC,1,artic_v4,SARS-CoV-2_6
GTGACACACTTAAAAATCTCTCTGACAG,GCTGGAGCATCTCTTTTGTAGTCC,1,artic_v4,SARS-CoV-2_6
GTGACACACTTAAAAATCTCTCTGACAG,TTTCTACTCTGAGTAAAGTAAGTTTCAGGT,1,artic_v4,SARS-CoV-2_6
GTGACACACTTAAAAATCTCTCTGACAG,AACACACACACTTAGATGAACCTGT,1,artic_v4,SARS-CoV-2_6
GTGACACACTTAAAAATCTCTCTGACAG,GCGACATTCATCATTATGCCTTTAGG,1,artic_v4,SARS-CoV-2_6
GTGACACACTTAAAAATCTCTCTGACAG,TTTGTAACATTTTTAGTCTTAGGGTCGTAC,1,artic_v4,SARS-CoV-2_6
TAGGTGTCTAGCTGTCCACGAG,AACACGCACAGAATTTTGAGCAG,1,artic_v4,SARS-CoV-2_6
TAGGTGTCTAGCTGTCCACGAG,TAGCATGACACCCCTCGACAT,1,artic_v4,SARS-CoV-2_6
TAGGTGTCTAGCTGTCCACGAG,GCTCAGGTCCTATTTTCACAAAATACTT,1,artic_v4,SARS-CoV-2_6
TAGGTGTCTAGCTGTCCACGAG,CCGCATTAATCTTCAGTTCATCACC,1,artic_v4,SARS-CoV-2_6
TAGGTGTCTAGCTGTCCACGAG,CCAGGCAAGTTAAGGTTAGATAGCA,1,artic_v4,SARS-CoV-2_6
TAGGTGTCTAGCTGTCCACGAG,GTATCAAATTGTTTGTAAACCCACAAGC,1,artic_v4,SARS-CoV-2_6
TAGGTGTCTAGCTGTCCACGAG,GCTGGAGCATCTCTTTTGTAGTCC,1,artic_v4,SARS-CoV-2_6
TAGGTGTCTAGCTGTCCACGAG,TTTCTACTCTGAGTAAAGTAAGTTTCAGGT,1,artic_v4,SARS-CoV-2_6
TAGGTGTCTAGCTGTCCACGAG,AACACACACACTTAGATGAACCTGT,1,artic_v4,SARS-CoV-2_6
TAGGTGTCTAGCTGTCCACGAG,GCGACATTCATCATTATGCCTTTAGG,1,artic_v4,SARS-CoV-2_6
TAGGTGTCTAGCTGTCCACGAG,TTTGTAACATTTTTAGTCTTAGGGTCGTAC,1,artic_v4,SARS-CoV-2_6
GCCTATTTTGGAATTGCAATGTCGA,AACACGCACAGAATTTTGAGCAG,1,artic_v4,SARS-CoV-2_6
GCCTATTTTGGAATTGCAATGTCGA,TAGCATGACACCCCTCGACAT,1,artic_v4,SARS-CoV-2_6
GCCTATTTTGGAATTGCAATGTCGA,GCTCAGGTCCTATTTTCACAAAATACTT,1,artic_v4,SARS-CoV-2_6
GCCTATTTTGGAATTGCAATGTCGA,CCGCATTAATCTTCAGTTCATCACC,1,artic_v4,SARS-CoV-2_6
GCCTATTTTGGAATTGCAATGTCGA,CCAGGCAAGTTAAGGTTAGATAGCA,1,artic_v4,SARS-CoV-2_6
GCCTATTTTGGAATTGCAATGTCGA,GTATCAAATTGTTTGTAAACCCACAAGC,1,artic_v4,SARS-CoV-2_6
GCCTATTTTGGAATTGCAATGTCGA,GCTGGAGCATCTCTTTTGTAGTCC,1,artic_v4,SARS-CoV-2_6
GCCTATTTTGGAATTGCAATGTCGA,TTTCTACTCTGAGTAAAGTAAGTTTCAGGT,1,artic_v4,SARS-CoV-2_6
GCCTATTTTGGAATTGCAATGTCGA,AACACACACACTTAGATGAACCTGT,1,artic_v4,SARS-CoV-2_6
GCCTATTTTGGAATTGCAATGTCGA,GCGACATTCATCATTATGCCTTTAGG,1,artic_v4,SARS-CoV-2_6
GCCTATTTTGGAATTGCAATGTCGA,TTTGTAACATTTTTAGTCTTAGGGTCGTAC,1,artic_v4,SARS-CoV-2_6
GTCTGTAGACATCATGCTAATGAGTACA,AACACGCACAGAATTTTGAGCAG,1,artic_v4,SARS-CoV-2_6
GTCTGTAGACATCATGCTAATGAGTACA,TAGCATGACACCCCTCGACAT,1,artic_v4,SARS-CoV-2_6
GTCTGTAGACATCATGCTAATGAGTACA,GCTCAGGTCCTATTTTCACAAAATACTT,1,artic_v4,SARS-CoV-2_6
GTCTGTAGACATCATGCTAATGAGTACA,CCGCATTAATCTTCAGTTCATCACC,1,artic_v4,SARS-CoV-2_6
GTCTGTAGACATCATGCTAATGAGTACA,CCAGGCAAGTTAAGGTTAGATAGCA,1,artic_v4,SARS-CoV-2_6
GTCTGTAGACATCATGCTAATGAGTACA,GTATCAAATTGTTTGTAAACCCACAAGC,1,artic_v4,SARS-CoV-2_6
GTCTGTAGACATCATGCTAATGAGTACA,GCTGGAGCATCTCTTTTGTAGTCC,1,artic_v4,SARS-CoV-2_6
GTCTGTAGACATCATGCTAATGAGTACA,TTTCTACTCTGAGTAAAGTAAGTTTCAGGT,1,artic_v4,SARS-CoV-2_6
GTCTGTAGACATCATGCTAATGAGTACA,AACACACACACTTAGATGAACCTGT,1,artic_v4,SARS-CoV-2_6
GTCTGTAGACATCATGCTAATGAGTACA,GCGACATTCATCATTATGCCTTTAGG,1,artic_v4,SARS-CoV-2_6
GTCTGTAGACATCATGCTAATGAGTACA,TTTGTAACATTTTTAGTCTTAGGGTCGTAC,1,artic_v4,SARS-CoV-2_6
AACCAGTACCAGAGGTGAAAATACTC,AACACGCACAGAATTTTGAGCAG,1,artic_v4,SARS-CoV-2_6
AACCAGTACCAGAGGTGAAAATACTC,TAGCATGACACCCCTCGACAT,1,artic_v4,SARS-CoV-2_6
AACCAGTACCAGAGGTGAAAATACTC,GCTCAGGTCCTATTTTCACAAAATACTT,1,artic_v4,SARS-CoV-2_6
AACCAGTACCAGAGGTGAAAATACTC,CCGCATTAATCTTCAGTTCATCACC,1,artic_v4,SARS-CoV-2_6
AACCAGTACCAGAGGTGAAAATACTC,CCAGGCAAGTTAAGGTTAGATAGCA,1,artic_v4,SARS-CoV-2_6
AACCAGTACCAGAGGTGAAAATACTC,GTATCAAATTGTTTGTAAACCCACAAGC,1,artic_v4,SARS-CoV-2_6
AACCAGTACCAGAGGTGAAAATACTC,GCTGGAGCATCTCTTTTGTAGTCC,1,artic_v4,SARS-CoV-2_6
AACCAGTACCAGAGGTGAAAATACTC,TTTCTACTCTGAGTAAAGTAAGTTTCAGGT,1,artic_v4,SARS-CoV-2_6
AACCAGTACCAGAGGTGAAAATACTC,AACACACACACTTAGATGAACCTGT,1,artic_v4,SARS-CoV-2_6
AACCAGTACCAGAGGTGAAAATACTC,GCGACATTCATCATTATGCCTTTAGG,1,artic_v4,SARS-CoV-2_6
AACCAGTACCAGAGGTGAAAATACTC,TTTGTAACATTTTTAGTCTTAGGGTCGTAC,1,artic_v4,SARS-CoV-2_6
CAAACAAGCTAGTCTTAATGGAGTCAC,AACACGCACAGAATTTTGAGCAG,1,artic_v4,SARS-CoV-2_6
CAAACAAGCTAGTCTTAATGGAGTCAC,TAGCATGACACCCCTCGACAT,1,artic_v4,SARS-CoV-2_6
CAAACAAGCTAGTCTTAATGGAGTCAC,GCTCAGGTCCTATTTTCACAAAATACTT,1,artic_v4,SARS-CoV-2_6
CAAACAAGCTAGTCTTAATGGAGTCAC,CCGCATTAATCTTCAGTTCATCACC,1,artic_v4,SARS-CoV-2_6
CAAACAAGCTAGTCTTAATGGAGTCAC,CCAGGCAAGTTAAGGTTAGATAGCA,1,artic_v4,SARS-CoV-2_6
CAAACAAGCTAGTCTTAATGGAGTCAC,GTATCAAATTGTTTGTAAACCCACAAGC,1,artic_v4,SARS-CoV-2_6
CAAACAAGCTAGTCTTAATGGAGTCAC,GCTGGAGCATCTCTTTTGTAGTCC,1,artic_v4,SARS-CoV-2_6
CAAACAAGCTAGTCTTAATGGAGTCAC,TTTCTACTCTGAGTAAAGTAAGTTTCAGGT,1,artic_v4,SARS-CoV-2_6
CAAACAAGCTAGTCTTAATGGAGTCAC,AACACACACACTTAGATGAACCTGT,1,artic_v4,SARS-CoV-2_6
CAAACAAGCTAGTCTTAATGGAGTCAC,GCGACATTCATCATTATGCCTTTAGG,1,artic_v4,SARS-CoV-2_6
CAAACAAGCTAGTCTTAATGGAGTCAC,TTTGTAACATTTTTAGTCTTAGGGTCGTAC,1,artic_v4,SARS-CoV-2_6
GACTAGCTAAACGTTTTAAGGAATCACC,AACACGCACAGAATTTTGAGCAG,1,artic_v4,SARS-CoV-2_6
GACTAGCTAAACGTTTTAAGGAATCACC,TAGCATGACACCCCTCGACAT,1,artic_v4,SARS-CoV-2_6
GACTAGCTAAACGTTTTAAGGAATCACC,GCTCAGGTCCTATTTTCACAAAATACTT,1,artic_v4,SARS-CoV-2_6
GACTAGCTAAACGTTTTAAGGAATCACC,CCGCATTAATCTTCAGTTCATCACC,1,artic_v4,SARS-CoV-2_6
GACTAGCTAAACGTTTTAAGGAATCACC,CCAGGCAAGTTAAGGTTAGATAGCA,1,artic_v4,SARS-CoV-2_6
GACTAGCTAAACGTTTTAAGGAATCACC,GTATCAAATTGTTTGTAAACCCACAAGC,1,artic_v4,SARS-CoV-2_6
GACTAGCTAAACGTTTTAAGGAATCACC,GCTGGAGCATCTCTTTTGTAGTCC,1,artic_v4,SARS-CoV-2_6
GACTAGCTAAACGTTTTAAGGAATCACC,TTTCTACTCTGAGTAAAGTAAGTTTCAGGT,1,artic_v4,SARS-CoV-2_6
GACTAGCTAAACGTTTTAAGGAATCACC,AACACACACACTTAGATGAACCTGT,1,artic_v4,SARS-CoV-2_6
GACTAGCTAAACGTTTTAAGGAATCACC,GCGACATTCATCATTATGCCTTTAGG,1,artic_v4,SARS-CoV-2_6
GACTAGCTAAACGTTTTAAGGAATCACC,TTTGTAACATTTTTAGTCTTAGGGTCGTAC,1,artic_v4,SARS-CoV-2_6
CGGGTGTTGCTATGCCTAATCT,AACACGCACAGAATTTTGAGCAG,1,artic_v4,SARS-CoV-2_6
CGGGTGTTGCTATGCCTAATCT,TAGCATGACACCCCTCGACAT,1,artic_v4,SARS-CoV-2_6
CGGGTGTTGCTATGCCTAATCT,GCTCAGGTCCTATTTTCACAAAATACTT,1,artic_v4,SARS-CoV-2_6
CGGGTGTTGCTATGCCTAATCT,CCGCATTAATCTTCAGTTCATCACC,1,artic_v4,SARS-CoV-2_6
CGGGTGTTGCTATGCCTAATCT,CCAGGCAAGTTAAGGTTAGATAGCA,1,artic_v4,SARS-CoV-2_6
CGGGTGTTGCTATGCCTAATCT,GTATCAAATTGTTTGTAAACCCACAAGC,1,artic_v4,SARS-CoV-2_6
CGGGTGTTGCTATGCCTAATCT,GCTGGAGCATCTCTTTTGTAGTCC,1,artic_v4,SARS-CoV-2_6
CGGGTGTTGCTATGCCTAATCT,TTTCTACTCTGAGTAAAGTAAGTTTCAGGT,1,artic_v4,SARS-CoV-2_6
CGGGTGTTGCTATGCCTAATCT,AACACACACACTTAGATGAACCTGT,1,artic_v4,SARS-CoV-2_6
CGGGTGTTGCTATGCCTAATCT,GCGACATTCATCATTATGCCTTTAGG,1,artic_v4,SARS-CoV-2_6
CGGGTGTTGCTATGCCTAATCT,TTTGTAACATTTTTAGTCTTAGGGTCGTAC,1,artic_v4,SARS-CoV-2_6
ACAGATTTAATGTTGCTATTACCAGAGC,TAGCATGACACCCCTCGACAT,1,artic_v4,SARS-CoV-2_60
ACCCTAACATGTTTATCACCCGC,GCTCAGGTCCTATTTTCACAAAATACTT,1,artic_v4,SARS-CoV-2_61
GTGACACACTTAAAAATCTCTCTGACAG,CCGCATTAATCTTCAGTTCATCACC,1,artic_v4,SARS-CoV-2_62
TAGGTGTCTAGCTGTCCACGAG,CCAGGCAAGTTAAGGTTAGATAGCA,1,artic_v4,SARS-CoV-2_63
GCCTATTTTGGAATTGCAATGTCGA,GTATCAAATTGTTTGTAAACCCACAAGC,1,artic_v4,SARS-CoV-2_64
GTCTGTAGACATCATGCTAATGAGTACA,GCTGGAGCATCTCTTTTGTAGTCC,1,artic_v4,SARS-CoV-2_65
AACCAGTACCAGAGGTGAAAATACTC,TTTCTACTCTGAGTAAAGTAAGTTTCAGGT,1,artic_v4,SARS-CoV-2_66
CAAACAAGCTAGTCTTAATGGAGTCAC,AACACACACACTTAGATGAACCTGT,1,artic_v4,SARS-CoV-2_67
GACTAGCTAAACGTTTTAAGGAATCACC,GCGACATTCATCATTATGCCTTTAGG,1,artic_v4,SARS-CoV-2_68
CGGGTGTTGCTATGCCTAATCT,TTTGTAACATTTTTAGTCTTAGGGTCGTAC,1,artic_v4,SARS-CoV-2_69
ACTGAGTCCTCTTTATGCATTTGC,CCACCGACAATTTCACAAGCAC,1,artic_v4,SARS-CoV-2_7
ACTGAGTCCTCTTTATGCATTTGC,AGAATAGGAAGACAACTGAATTGGATTTG,1,artic_v4,SARS-CoV-2_7
ACTGAGTCCTCTTTATGCATTTGC,TGAGGATCTGAAAACTTTGTCAGGG,1,artic_v4,SARS-CoV-2_7
ACTGAGTCCTCTTTATGCATTTGC,GTAGCGTTATTAACAATAAGTAGGGACTG,1,artic_v4,SARS-CoV-2_7
ACTGAGTCCTCTTTATGCATTTGC,ACCTAGTGATGTTAATACCTATTGGCA,1,artic_v4,SARS-CoV-2_7
ACTGAGTCCTCTTTATGCATTTGC,TGATAGATTCCTTTTTCTACAGTGAAGGA,1,artic_v4,SARS-CoV-2_7
ACTGAGTCCTCTTTATGCATTTGC,TTTGCCCTGGAGCGATTTGT,1,artic_v4,SARS-CoV-2_7
ACTGAGTCCTCTTTATGCATTTGC,GTTGGAAACCATATGATTGTAAAGGAAAG,1,artic_v4,SARS-CoV-2_7
ACTGAGTCCTCTTTATGCATTTGC,CACTGACACCACCAAAAGAACATG,1,artic_v4,SARS-CoV-2_7
ACTGAGTCCTCTTTATGCATTTGC,GGATTGACTAGCTACACTACGTGC,1,artic_v4,SARS-CoV-2_7
ACTGAGTCCTCTTTATGCATTTGC,CCAAAATCTTTAATTGGTGGTGTTTTGT,1,artic_v4,SARS-CoV-2_7
TTGATTGGTGATTGTGCAACTGTAC,CCACCGACAATTTCACAAGCAC,1,artic_v4,SARS-CoV-2_7
TTGATTGGTGATTGTGCAACTGTAC,AGAATAGGAAGACAACTGAATTGGATTTG,1,artic_v4,SARS-CoV-2_7
TTGATTGGTGATTGTGCAACTGTAC,TGAGGATCTGAAAACTTTGTCAGGG,1,artic_v4,SARS-CoV-2_7
TTGATTGGTGATTGTGCAACTGTAC,GTAGCGTTATTAACAATAAGTAGGGACTG,1,artic_v4,SARS-CoV-2_7
TTGATTGGTGATTGTGCAACTGTAC,ACCTAGTGATGTTAATACCTATTGGCA,1,artic_v4,SARS-CoV-2_7
TTGATTGGTGATTGTGCAACTGTAC,TGATAGATTCCTTTTTCTACAGTGAAGGA,1,artic_v4,SARS-CoV-2_7
TTGATTGGTGATTGTGCAACTGTAC,TTTGCCCTGGAGCGATTTGT,1,artic_v4,SARS-CoV-2_7
TTGATTGGTGATTGTGCAACTGTAC,GTTGGAAACCATATGATTGTAAAGGAAAG,1,artic_v4,SARS-CoV-2_7
TTGATTGGTGATTGTGCAACTGTAC,CACTGACACCACCAAAAGAACATG,1,artic_v4,SARS-CoV-2_7
TTGATTGGTGATTGTGCAACTGTAC,GGATTGACTAGCTACACTACGTGC,1,artic_v4,SARS-CoV-2_7
TTGATTGGTGATTGTGCAACTGTAC,CCAAAATCTTTAATTGGTGGTGTTTTGT,1,artic_v4,SARS-CoV-2_7
GGCAAACCACGCGAACAAATAG,CCACCGACAATTTCACAAGCAC,1,artic_v4,SARS-CoV-2_7
GGCAAACCACGCGAACAAATAG,AGAATAGGAAGACAACTGAATTGGATTTG,1,artic_v4,SARS-CoV-2_7
GGCAAACCACGCGAACAAATAG,TGAGGATCTGAAAACTTTGTCAGGG,1,artic_v4,SARS-CoV-2_7
GGCAAACCACGCGAACAAATAG,GTAGCGTTATTAACAATAAGTAGGGACTG,1,artic_v4,SARS-CoV-2_7
GGCAAACCACGCGAACAAATAG,ACCTAGTGATGTTAATACCTATTGGCA,1,artic_v4,SARS-CoV-2_7
GGCAAACCACGCGAACAAATAG,TGATAGATTCCTTTTTCTACAGTGAAGGA,1,artic_v4,SARS-CoV-2_7
GGCAAACCACGCGAACAAATAG,TTTGCCCTGGAGCGATTTGT,1,artic_v4,SARS-CoV-2_7
GGCAAACCACGCGAACAAATAG,GTTGGAAACCATATGATTGTAAAGGAAAG,1,artic_v4,SARS-CoV-2_7
GGCAAACCACGCGAACAAATAG,CACTGACACCACCAAAAGAACATG,1,artic_v4,SARS-CoV-2_7
GGCAAACCACGCGAACAAATAG,GGATTGACTAGCTACACTACGTGC,1,artic_v4,SARS-CoV-2_7
GGCAAACCACGCGAACAAATAG,CCAAAATCTTTAATTGGTGGTGTTTTGT,1,artic_v4,SARS-CoV-2_7
GTGATGTTCTTGTTAACAACTAAACGAAC,CCACCGACAATTTCACAAGCAC,1,artic_v4,SARS-CoV-2_7
GTGATGTTCTTGTTAACAACTAAACGAAC,AGAATAGGAAGACAACTGAATTGGATTTG,1,artic_v4,SARS-CoV-2_7
GTGATGTTCTTGTTAACAACTAAACGAAC,TGAGGATCTGAAAACTTTGTCAGGG,1,artic_v4,SARS-CoV-2_7
GTGATGTTCTTGTTAACAACTAAACGAAC,GTAGCGTTATTAACAATAAGTAGGGACTG,1,artic_v4,SARS-CoV-2_7
GTGATGTTCTTGTTAACAACTAAACGAAC,ACCTAGTGATGTTAATACCTATTGGCA,1,artic_v4,SARS-CoV-2_7
GTGATGTTCTTGTTAACAACTAAACGAAC,TGATAGATTCCTTTTTCTACAGTGAAGGA,1,artic_v4,SARS-CoV-2_7
GTGATGTTCTTGTTAACAACTAAACGAAC,TTTGCCCTGGAGCGATTTGT,1,artic_v4,SARS-CoV-2_7
GTGATGTTCTTGTTAACAACTAAACGAAC,GTTGGAAACCATATGATTGTAAAGGAAAG,1,artic_v4,SARS-CoV-2_7
GTGATGTTCTTGTTAACAACTAAACGAAC,CACTGACACCACCAAAAGAACATG,1,artic_v4,SARS-CoV-2_7
GTGATGTTCTTGTTAACAACTAAACGAAC,GGATTGACTAGCTACACTACGTGC,1,artic_v4,SARS-CoV-2_7
GTGATGTTCTTGTTAACAACTAAACGAAC,CCAAAATCTTTAATTGGTGGTGTTTTGT,1,artic_v4,SARS-CoV-2_7
AGAGGCTGGATTTTTGGTACTACT,CCACCGACAATTTCACAAGCAC,1,artic_v4,SARS-CoV-2_7
AGAGGCTGGATTTTTGGTACTACT,AGAATAGGAAGACAACTGAATTGGATTTG,1,artic_v4,SARS-CoV-2_7
AGAGGCTGGATTTTTGGTACTACT,TGAGGATCTGAAAACTTTGTCAGGG,1,artic_v4,SARS-CoV-2_7
AGAGGCTGGATTTTTGGTACTACT,GTAGCGTTATTAACAATAAGTAGGGACTG,1,artic_v4,SARS-CoV-2_7
AGAGGCTGGATTTTTGGTACTACT,ACCTAGTGATGTTAATACCTATTGGCA,1,artic_v4,SARS-CoV-2_7
AGAGGCTGGATTTTTGGTACTACT,TGATAGATTCCTTTTTCTACAGTGAAGGA,1,artic_v4,SARS-CoV-2_7
AGAGGCTGGATTTTTGGTACTACT,TTTGCCCTGGAGCGATTTGT,1,artic_v4,SARS-CoV-2_7
AGAGGCTGGATTTTTGGTACTACT,GTTGGAAACCATATGATTGTAAAGGAAAG,1,artic_v4,SARS-CoV-2_7
AGAGGCTGGATTTTTGGTACTACT,CACTGACACCACCAAAAGAACATG,1,artic_v4,SARS-CoV-2_7
AGAGGCTGGATTTTTGGTACTACT,GGATTGACTAGCTACACTACGTGC,1,artic_v4,SARS-CoV-2_7
AGAGGCTGGATTTTTGGTACTACT,CCAAAATCTTTAATTGGTGGTGTTTTGT,1,artic_v4,SARS-CoV-2_7
TGGACCTTGAAGGAAAACAGGG,CCACCGACAATTTCACAAGCAC,1,artic_v4,SARS-CoV-2_7
TGGACCTTGAAGGAAAACAGGG,AGAATAGGAAGACAACTGAATTGGATTTG,1,artic_v4,SARS-CoV-2_7
TGGACCTTGAAGGAAAACAGGG,TGAGGATCTGAAAACTTTGTCAGGG,1,artic_v4,SARS-CoV-2_7
TGGACCTTGAAGGAAAACAGGG,GTAGCGTTATTAACAATAAGTAGGGACTG,1,artic_v4,SARS-CoV-2_7
TGGACCTTGAAGGAAAACAGGG,ACCTAGTGATGTTAATACCTATTGGCA,1,artic_v4,SARS-CoV-2_7
TGGACCTTGAAGGAAAACAGGG,TGATAGATTCCTTTTTCTACAGTGAAGGA,1,artic_v4,SARS-CoV-2_7
TGGACCTTGAAGGAAAACAGGG,TTTGCCCTGGAGCGATTTGT,1,artic_v4,SARS-CoV-2_7
TGGACCTTGAAGGAAAACAGGG,GTTGGAAACCATATGATTGTAAAGGAAAG,1,artic_v4,SARS-CoV-2_7
TGGACCTTGAAGGAAAACAGGG,CACTGACACCACCAAAAGAACATG,1,artic_v4,SARS-CoV-2_7
TGGACCTTGAAGGAAAACAGGG,GGATTGACTAGCTACACTACGTGC,1,artic_v4,SARS-CoV-2_7
TGGACCTTGAAGGAAAACAGGG,CCAAAATCTTTAATTGGTGGTGTTTTGT,1,artic_v4,SARS-CoV-2_7
GAAAATGGAACCATTACAGATGCTGT,CCACCGACAATTTCACAAGCAC,1,artic_v4,SARS-CoV-2_7
GAAAATGGAACCATTACAGATGCTGT,AGAATAGGAAGACAACTGAATTGGATTTG,1,artic_v4,SARS-CoV-2_7
GAAAATGGAACCATTACAGATGCTGT,TGAGGATCTGAAAACTTTGTCAGGG,1,artic_v4,SARS-CoV-2_7
GAAAATGGAACCATTACAGATGCTGT,GTAGCGTTATTAACAATAAGTAGGGACTG,1,artic_v4,SARS-CoV-2_7
GAAAATGGAACCATTACAGATGCTGT,ACCTAGTGATGTTAATACCTATTGGCA,1,artic_v4,SARS-CoV-2_7
GAAAATGGAACCATTACAGATGCTGT,TGATAGATTCCTTTTTCTACAGTGAAGGA,1,artic_v4,SARS-CoV-2_7
GAAAATGGAACCATTACAGATGCTGT,TTTGCCCTGGAGCGATTTGT,1,artic_v4,SARS-CoV-2_7
GAAAATGGAACCATTACAGATGCTGT,GTTGGAAACCATATGATTGTAAAGGAAAG,1,artic_v4,SARS-CoV-2_7
GAAAATGGAACCATTACAGATGCTGT,CACTGACACCACCAAAAGAACATG,1,artic_v4,SARS-CoV-2_7
GAAAATGGAACCATTACAGATGCTGT,GGATTGACTAGCTACACTACGTGC,1,artic_v4,SARS-CoV-2_7
GAAAATGGAACCATTACAGATGCTGT,CCAAAATCTTTAATTGGTGGTGTTTTGT,1,artic_v4,SARS-CoV-2_7
GCTGATTATTCTGTCCTATATAATTCCGC,CCACCGACAATTTCACAAGCAC,1,artic_v4,SARS-CoV-2_7
GCTGATTATTCTGTCCTATATAATTCCGC,AGAATAGGAAGACAACTGAATTGGATTTG,1,artic_v4,SARS-CoV-2_7
GCTGATTATTCTGTCCTATATAATTCCGC,TGAGGATCTGAAAACTTTGTCAGGG,1,artic_v4,SARS-CoV-2_7
GCTGATTATTCTGTCCTATATAATTCCGC,GTAGCGTTATTAACAATAAGTAGGGACTG,1,artic_v4,SARS-CoV-2_7
GCTGATTATTCTGTCCTATATAATTCCGC,ACCTAGTGATGTTAATACCTATTGGCA,1,artic_v4,SARS-CoV-2_7
GCTGATTATTCTGTCCTATATAATTCCGC,TGATAGATTCCTTTTTCTACAGTGAAGGA,1,artic_v4,SARS-CoV-2_7
GCTGATTATTCTGTCCTATATAATTCCGC,TTTGCCCTGGAGCGATTTGT,1,artic_v4,SARS-CoV-2_7
GCTGATTATTCTGTCCTATATAATTCCGC,GTTGGAAACCATATGATTGTAAAGGAAAG,1,artic_v4,SARS-CoV-2_7
GCTGATTATTCTGTCCTATATAATTCCGC,CACTGACACCACCAAAAGAACATG,1,artic_v4,SARS-CoV-2_7
GCTGATTATTCTGTCCTATATAATTCCGC,GGATTGACTAGCTACACTACGTGC,1,artic_v4,SARS-CoV-2_7
GCTGATTATTCTGTCCTATATAATTCCGC,CCAAAATCTTTAATTGGTGGTGTTTTGT,1,artic_v4,SARS-CoV-2_7
CAAACCTTTTGAGAGAGATATTTCAACTGA,CCACCGACAATTTCACAAGCAC,1,artic_v4,SARS-CoV-2_7
CAAACCTTTTGAGAGAGATATTTCAACTGA,AGAATAGGAAGACAACTGAATTGGATTTG,1,artic_v4,SARS-CoV-2_7
CAAACCTTTTGAGAGAGATATTTCAACTGA,TGAGGATCTGAAAACTTTGTCAGGG,1,artic_v4,SARS-CoV-2_7
CAAACCTTTTGAGAGAGATATTTCAACTGA,GTAGCGTTATTAACAATAAGTAGGGACTG,1,artic_v4,SARS-CoV-2_7
CAAACCTTTTGAGAGAGATATTTCAACTGA,ACCTAGTGATGTTAATACCTATTGGCA,1,artic_v4,SARS-CoV-2_7
CAAACCTTTTGAGAGAGATATTTCAACTGA,TGATAGATTCCTTTTTCTACAGTGAAGGA,1,artic_v4,SARS-CoV-2_7
CAAACCTTTTGAGAGAGATATTTCAACTGA,TTTGCCCTGGAGCGATTTGT,1,artic_v4,SARS-CoV-2_7
CAAACCTTTTGAGAGAGATATTTCAACTGA,GTTGGAAACCATATGATTGTAAAGGAAAG,1,artic_v4,SARS-CoV-2_7
CAAACCTTTTGAGAGAGATATTTCAACTGA,CACTGACACCACCAAAAGAACATG,1,artic_v4,SARS-CoV-2_7
CAAACCTTTTGAGAGAGATATTTCAACTGA,GGATTGACTAGCTACACTACGTGC,1,artic_v4,SARS-CoV-2_7
CAAACCTTTTGAGAGAGATATTTCAACTGA,CCAAAATCTTTAATTGGTGGTGTTTTGT,1,artic_v4,SARS-CoV-2_7
CTGAGTCTAACAAAAAGTTTCTGCCTT,CCACCGACAATTTCACAAGCAC,1,artic_v4,SARS-CoV-2_7
CTGAGTCTAACAAAAAGTTTCTGCCTT,AGAATAGGAAGACAACTGAATTGGATTTG,1,artic_v4,SARS-CoV-2_7
CTGAGTCTAACAAAAAGTTTCTGCCTT,TGAGGATCTGAAAACTTTGTCAGGG,1,artic_v4,SARS-CoV-2_7
CTGAGTCTAACAAAAAGTTTCTGCCTT,GTAGCGTTATTAACAATAAGTAGGGACTG,1,artic_v4,SARS-CoV-2_7
CTGAGTCTAACAAAAAGTTTCTGCCTT,ACCTAGTGATGTTAATACCTATTGGCA,1,artic_v4,SARS-CoV-2_7
CTGAGTCTAACAAAAAGTTTCTGCCTT,TGATAGATTCCTTTTTCTACAGTGAAGGA,1,artic_v4,SARS-CoV-2_7
CTGAGTCTAACAAAAAGTTTCTGCCTT,TTTGCCCTGGAGCGATTTGT,1,artic_v4,SARS-CoV-2_7
CTGAGTCTAACAAAAAGTTTCTGCCTT,GTTGGAAACCATATGATTGTAAAGGAAAG,1,artic_v4,SARS-CoV-2_7
CTGAGTCTAACAAAAAGTTTCTGCCTT,CACTGACACCACCAAAAGAACATG,1,artic_v4,SARS-CoV-2_7
CTGAGTCTAACAAAAAGTTTCTGCCTT,GGATTGACTAGCTACACTACGTGC,1,artic_v4,SARS-CoV-2_7
CTGAGTCTAACAAAAAGTTTCTGCCTT,CCAAAATCTTTAATTGGTGGTGTTTTGT,1,artic_v4,SARS-CoV-2_7
ACCCATTGGTGCAGGTATATGC,CCACCGACAATTTCACAAGCAC,1,artic_v4,SARS-CoV-2_7
ACCCATTGGTGCAGGTATATGC,AGAATAGGAAGACAACTGAATTGGATTTG,1,artic_v4,SARS-CoV-2_7
ACCCATTGGTGCAGGTATATGC,TGAGGATCTGAAAACTTTGTCAGGG,1,artic_v4,SARS-CoV-2_7
ACCCATTGGTGCAGGTATATGC,GTAGCGTTATTAACAATAAGTAGGGACTG,1,artic_v4,SARS-CoV-2_7
ACCCATTGGTGCAGGTATATGC,ACCTAGTGATGTTAATACCTATTGGCA,1,artic_v4,SARS-CoV-2_7
ACCCATTGGTGCAGGTATATGC,TGATAGATTCCTTTTTCTACAGTGAAGGA,1,artic_v4,SARS-CoV-2_7
ACCCATTGGTGCAGGTATATGC,TTTGCCCTGGAGCGATTTGT,1,artic_v4,SARS-CoV-2_7
ACCCATTGGTGCAGGTATATGC,GTTGGAAACCATATGATTGTAAAGGAAAG,1,artic_v4,SARS-CoV-2_7
ACCCATTGGTGCAGGTATATGC,CACTGACACCACCAAAAGAACATG,1,artic_v4,SARS-CoV-2_7
ACCCATTGGTGCAGGTATATGC,GGATTGACTAGCTACACTACGTGC,1,artic_v4,SARS-CoV-2_7
ACCCATTGGTGCAGGTATATGC,CCAAAATCTTTAATTGGTGGTGTTTTGT,1,artic_v4,SARS-CoV-2_7
TTGATTGGTGATTGTGCAACTGTAC,AGAATAGGAAGACAACTGAATTGGATTTG,1,artic_v4,SARS-CoV-2_70
GGCAAACCACGCGAACAAATAG,TGAGGATCTGAAAACTTTGTCAGGG,1,artic_v4,SARS-CoV-2_71
GTGATGTTCTTGTTAACAACTAAACGAAC,GTAGCGTTATTAACAATAAGTAGGGACTG,1,artic_v4,SARS-CoV-2_72
AGAGGCTGGATTTTTGGTACTACT,ACCTAGTGATGTTAATACCTATTGGCA,1,artic_v4,SARS-CoV-2_73
TGGACCTTGAAGGAAAACAGGG,TGATAGATTCCTTTTTCTACAGTGAAGGA,1,artic_v4,SARS-CoV-2_74
GAAAATGGAACCATTACAGATGCTGT,TTTGCCCTGGAGCGATTTGT,1,artic_v4,SARS-CoV-2_75
GCTGATTATTCTGTCCTATATAATTCCGC,GTTGGAAACCATATGATTGTAAAGGAAAG,0,artic_v4,SARS-CoV-2_76
CAAACCTTTTGAGAGAGATATTTCAACTGA,CACTGACACCACCAAAAGAACATG,1,artic_v4,SARS-CoV-2_77
CTGAGTCTAACAAAAAGTTTCTGCCTT,GGATTGACTAGCTACACTACGTGC,1,artic_v4,SARS-CoV-2_78
ACCCATTGGTGCAGGTATATGC,CCAAAATCTTTAATTGGTGGTGTTTTGT,0,artic_v4,SARS-CoV-2_79
GCTTGAAGAGAAGTTTAAGGAAGGTG,GGTTGTTCTAATGGTTGTAAATCACCA,1,artic_v4,SARS-CoV-2_8
GCTTGAAGAGAAGTTTAAGGAAGGTG,GCAAATGGTATTTGTAATGCAGCAC,1,artic_v4,SARS-CoV-2_8
GCTTGAAGAGAAGTTTAAGGAAGGTG,TGAAGTCTGCCTGTGATCAACC,1,artic_v4,SARS-CoV-2_8
GCTTGAAGAGAAGTTTAAGGAAGGTG,CACGAGGAAAGTGTGCTTTTCC,1,artic_v4,SARS-CoV-2_8
GCTTGAAGAGAAGTTTAAGGAAGGTG,AGATTCATTTAAATTCTTGGCAACCTCA,1,artic_v4,SARS-CoV-2_8
GCTTGAAGAGAAGTTTAAGGAAGGTG,AGCATCCTTGATTTCACCTTGCT,1,artic_v4,SARS-CoV-2_8
GCTTGAAGAGAAGTTTAAGGAAGGTG,CTGCAAGAAGTAGACTAAAGCATAAAGAT,1,artic_v4,SARS-CoV-2_8
GCTTGAAGAGAAGTTTAAGGAAGGTG,TCAATTGAGTTGAGTACAGCTGGT,1,artic_v4,SARS-CoV-2_8
GCTTGAAGAGAAGTTTAAGGAAGGTG,AATCGAAGCGCAGTAAGGATGG,1,artic_v4,SARS-CoV-2_8
GCTTGAAGAGAAGTTTAAGGAAGGTG,ACAAAAACCTATTCCTGTTGGCATAG,1,artic_v4,SARS-CoV-2_8
GCTTGAAGAGAAGTTTAAGGAAGGTG,CAGCAATACGAAGATGTCCACGA,1,artic_v4,SARS-CoV-2_8
CCGTGCTTTAACTGGAATAGCTG,GGTTGTTCTAATGGTTGTAAATCACCA,1,artic_v4,SARS-CoV-2_8
CCGTGCTTTAACTGGAATAGCTG,GCAAATGGTATTTGTAATGCAGCAC,1,artic_v4,SARS-CoV-2_8
CCGTGCTTTAACTGGAATAGCTG,TGAAGTCTGCCTGTGATCAACC,1,artic_v4,SARS-CoV-2_8
CCGTGCTTTAACTGGAATAGCTG,CACGAGGAAAGTGTGCTTTTCC,1,artic_v4,SARS-CoV-2_8
CCGTGCTTTAACTGGAATAGCTG,AGATTCATTTAAATTCTTGGCAACCTCA,1,artic_v4,SARS-CoV-2_8
CCGTGCTTTAACTGGAATAGCTG,AGCATCCTTGATTTCACCTTGCT,1,artic_v4,SARS-CoV-2_8
CCGTGCTTTAACTGGAATAGCTG,CTGCAAGAAGTAGACTAAAGCATAAAGAT,1,artic_v4,SARS-CoV-2_8
CCGTGCTTTAACTGGAATAGCTG,TCAATTGAGTTGAGTACAGCTGGT,1,artic_v4,SARS-CoV-2_8
CCGTGCTTTAACTGGAATAGCTG,AATCGAAGCGCAGTAAGGATGG,1,artic_v4,SARS-CoV-2_8
CCGTGCTTTAACTGGAATAGCTG,ACAAAAACCTATTCCTGTTGGCATAG,1,artic_v4,SARS-CoV-2_8
CCGTGCTTTAACTGGAATAGCTG,CAGCAATACGAAGATGTCCACGA,1,artic_v4,SARS-CoV-2_8
TGCTCAATACACTTCTGCACTGT,GGTTGTTCTAATGGTTGTAAATCACCA,1,artic_v4,SARS-CoV-2_8
TGCTCAATACACTTCTGCACTGT,GCAAATGGTATTTGTAATGCAGCAC,1,artic_v4,SARS-CoV-2_8
TGCTCAATACACTTCTGCACTGT,TGAAGTCTGCCTGTGATCAACC,1,artic_v4,SARS-CoV-2_8
TGCTCAATACACTTCTGCACTGT,CACGAGGAAAGTGTGCTTTTCC,1,artic_v4,SARS-CoV-2_8
TGCTCAATACACTTCTGCACTGT,AGATTCATTTAAATTCTTGGCAACCTCA,1,artic_v4,SARS-CoV-2_8
TGCTCAATACACTTCTGCACTGT,AGCATCCTTGATTTCACCTTGCT,1,artic_v4,SARS-CoV-2_8
TGCTCAATACACTTCTGCACTGT,CTGCAAGAAGTAGACTAAAGCATAAAGAT,1,artic_v4,SARS-CoV-2_8
TGCTCAATACACTTCTGCACTGT,TCAATTGAGTTGAGTACAGCTGGT,1,artic_v4,SARS-CoV-2_8
TGCTCAATACACTTCTGCACTGT,AATCGAAGCGCAGTAAGGATGG,1,artic_v4,SARS-CoV-2_8
TGCTCAATACACTTCTGCACTGT,ACAAAAACCTATTCCTGTTGGCATAG,1,artic_v4,SARS-CoV-2_8
TGCTCAATACACTTCTGCACTGT,CAGCAATACGAAGATGTCCACGA,1,artic_v4,SARS-CoV-2_8
TGCACAAGCTTTAAACACGCTT,GGTTGTTCTAATGGTTGTAAATCACCA,1,artic_v4,SARS-CoV-2_8
TGCACAAGCTTTAAACACGCTT,GCAAATGGTATTTGTAATGCAGCAC,1,artic_v4,SARS-CoV-2_8
TGCACAAGCTTTAAACACGCTT,TGAAGTCTGCCTGTGATCAACC,1,artic_v4,SARS-CoV-2_8
TGCACAAGCTTTAAACACGCTT,CACGAGGAAAGTGTGCTTTTCC,1,artic_v4,SARS-CoV-2_8
TGCACAAGCTTTAAACACGCTT,AGATTCATTTAAATTCTTGGCAACCTCA,1,artic_v4,SARS-CoV-2_8
TGCACAAGCTTTAAACACGCTT,AGCATCCTTGATTTCACCTTGCT,1,artic_v4,SARS-CoV-2_8
TGCACAAGCTTTAAACACGCTT,CTGCAAGAAGTAGACTAAAGCATAAAGAT,1,artic_v4,SARS-CoV-2_8
TGCACAAGCTTTAAACACGCTT,TCAATTGAGTTGAGTACAGCTGGT,1,artic_v4,SARS-CoV-2_8
TGCACAAGCTTTAAACACGCTT,AATCGAAGCGCAGTAAGGATGG,1,artic_v4,SARS-CoV-2_8
TGCACAAGCTTTAAACACGCTT,ACAAAAACCTATTCCTGTTGGCATAG,1,artic_v4,SARS-CoV-2_8
TGCACAAGCTTTAAACACGCTT,CAGCAATACGAAGATGTCCACGA,1,artic_v4,SARS-CoV-2_8
GCATGTGACTTATGTCCCTGCA,GGTTGTTCTAATGGTTGTAAATCACCA,1,artic_v4,SARS-CoV-2_8
GCATGTGACTTATGTCCCTGCA,GCAAATGGTATTTGTAATGCAGCAC,1,artic_v4,SARS-CoV-2_8
GCATGTGACTTATGTCCCTGCA,TGAAGTCTGCCTGTGATCAACC,1,artic_v4,SARS-CoV-2_8
GCATGTGACTTATGTCCCTGCA,CACGAGGAAAGTGTGCTTTTCC,1,artic_v4,SARS-CoV-2_8
GCATGTGACTTATGTCCCTGCA,AGATTCATTTAAATTCTTGGCAACCTCA,1,artic_v4,SARS-CoV-2_8
GCATGTGACTTATGTCCCTGCA,AGCATCCTTGATTTCACCTTGCT,1,artic_v4,SARS-CoV-2_8
GCATGTGACTTATGTCCCTGCA,CTGCAAGAAGTAGACTAAAGCATAAAGAT,1,artic_v4,SARS-CoV-2_8
GCATGTGACTTATGTCCCTGCA,TCAATTGAGTTGAGTACAGCTGGT,1,artic_v4,SARS-CoV-2_8
GCATGTGACTTATGTCCCTGCA,AATCGAAGCGCAGTAAGGATGG,1,artic_v4,SARS-CoV-2_8
GCATGTGACTTATGTCCCTGCA,ACAAAAACCTATTCCTGTTGGCATAG,1,artic_v4,SARS-CoV-2_8
GCATGTGACTTATGTCCCTGCA,CAGCAATACGAAGATGTCCACGA,1,artic_v4,SARS-CoV-2_8
GTTGATTTAGGTGACATCTCTGGCA,GGTTGTTCTAATGGTTGTAAATCACCA,1,artic_v4,SARS-CoV-2_8
GTTGATTTAGGTGACATCTCTGGCA,GCAAATGGTATTTGTAATGCAGCAC,1,artic_v4,SARS-CoV-2_8
GTTGATTTAGGTGACATCTCTGGCA,TGAAGTCTGCCTGTGATCAACC,1,artic_v4,SARS-CoV-2_8
GTTGATTTAGGTGACATCTCTGGCA,CACGAGGAAAGTGTGCTTTTCC,1,artic_v4,SARS-CoV-2_8
GTTGATTTAGGTGACATCTCTGGCA,AGATTCATTTAAATTCTTGGCAACCTCA,1,artic_v4,SARS-CoV-2_8
GTTGATTTAGGTGACATCTCTGGCA,AGCATCCTTGATTTCACCTTGCT,1,artic_v4,SARS-CoV-2_8
GTTGATTTAGGTGACATCTCTGGCA,CTGCAAGAAGTAGACTAAAGCATAAAGAT,1,artic_v4,SARS-CoV-2_8
GTTGATTTAGGTGACATCTCTGGCA,TCAATTGAGTTGAGTACAGCTGGT,1,artic_v4,SARS-CoV-2_8
GTTGATTTAGGTGACATCTCTGGCA,AATCGAAGCGCAGTAAGGATGG,1,artic_v4,SARS-CoV-2_8
GTTGATTTAGGTGACATCTCTGGCA,ACAAAAACCTATTCCTGTTGGCATAG,1,artic_v4,SARS-CoV-2_8
GTTGATTTAGGTGACATCTCTGGCA,CAGCAATACGAAGATGTCCACGA,1,artic_v4,SARS-CoV-2_8
ATGAAGACGACTCTGAGCCAGT,GGTTGTTCTAATGGTTGTAAATCACCA,1,artic_v4,SARS-CoV-2_8
ATGAAGACGACTCTGAGCCAGT,GCAAATGGTATTTGTAATGCAGCAC,1,artic_v4,SARS-CoV-2_8
ATGAAGACGACTCTGAGCCAGT,TGAAGTCTGCCTGTGATCAACC,1,artic_v4,SARS-CoV-2_8
ATGAAGACGACTCTGAGCCAGT,CACGAGGAAAGTGTGCTTTTCC,1,artic_v4,SARS-CoV-2_8
ATGAAGACGACTCTGAGCCAGT,AGATTCATTTAAATTCTTGGCAACCTCA,1,artic_v4,SARS-CoV-2_8
ATGAAGACGACTCTGAGCCAGT,AGCATCCTTGATTTCACCTTGCT,1,artic_v4,SARS-CoV-2_8
ATGAAGACGACTCTGAGCCAGT,CTGCAAGAAGTAGACTAAAGCATAAAGAT,1,artic_v4,SARS-CoV-2_8
ATGAAGACGACTCTGAGCCAGT,TCAATTGAGTTGAGTACAGCTGGT,1,artic_v4,SARS-CoV-2_8
ATGAAGACGACTCTGAGCCAGT,AATCGAAGCGCAGTAAGGATGG,1,artic_v4,SARS-CoV-2_8
ATGAAGACGACTCTGAGCCAGT,ACAAAAACCTATTCCTGTTGGCATAG,1,artic_v4,SARS-CoV-2_8
ATGAAGACGACTCTGAGCCAGT,CAGCAATACGAAGATGTCCACGA,1,artic_v4,SARS-CoV-2_8
TGTTGTTTGTAACAGTTTACTCACACC,GGTTGTTCTAATGGTTGTAAATCACCA,1,artic_v4,SARS-CoV-2_8
TGTTGTTTGTAACAGTTTACTCACACC,GCAAATGGTATTTGTAATGCAGCAC,1,artic_v4,SARS-CoV-2_8
TGTTGTTTGTAACAGTTTACTCACACC,TGAAGTCTGCCTGTGATCAACC,1,artic_v4,SARS-CoV-2_8
TGTTGTTTGTAACAGTTTACTCACACC,CACGAGGAAAGTGTGCTTTTCC,1,artic_v4,SARS-CoV-2_8
TGTTGTTTGTAACAGTTTACTCACACC,AGATTCATTTAAATTCTTGGCAACCTCA,1,artic_v4,SARS-CoV-2_8
TGTTGTTTGTAACAGTTTACTCACACC,AGCATCCTTGATTTCACCTTGCT,1,artic_v4,SARS-CoV-2_8
TGTTGTTTGTAACAGTTTACTCACACC,CTGCAAGAAGTAGACTAAAGCATAAAGAT,1,artic_v4,SARS-CoV-2_8
TGTTGTTTGTAACAGTTTACTCACACC,TCAATTGAGTTGAGTACAGCTGGT,1,artic_v4,SARS-CoV-2_8
TGTTGTTTGTAACAGTTTACTCACACC,AATCGAAGCGCAGTAAGGATGG,1,artic_v4,SARS-CoV-2_8
TGTTGTTTGTAACAGTTTACTCACACC,ACAAAAACCTATTCCTGTTGGCATAG,1,artic_v4,SARS-CoV-2_8
TGTTGTTTGTAACAGTTTACTCACACC,CAGCAATACGAAGATGTCCACGA,1,artic_v4,SARS-CoV-2_8
GTGGTTATACTGAAAAATGGGAATCTGG,GGTTGTTCTAATGGTTGTAAATCACCA,1,artic_v4,SARS-CoV-2_8
GTGGTTATACTGAAAAATGGGAATCTGG,GCAAATGGTATTTGTAATGCAGCAC,1,artic_v4,SARS-CoV-2_8
GTGGTTATACTGAAAAATGGGAATCTGG,TGAAGTCTGCCTGTGATCAACC,1,artic_v4,SARS-CoV-2_8
GTGGTTATACTGAAAAATGGGAATCTGG,CACGAGGAAAGTGTGCTTTTCC,1,artic_v4,SARS-CoV-2_8
GTGGTTATACTGAAAAATGGGAATCTGG,AGATTCATTTAAATTCTTGGCAACCTCA,1,artic_v4,SARS-CoV-2_8
GTGGTTATACTGAAAAATGGGAATCTGG,AGCATCCTTGATTTCACCTTGCT,1,artic_v4,SARS-CoV-2_8
GTGGTTATACTGAAAAATGGGAATCTGG,CTGCAAGAAGTAGACTAAAGCATAAAGAT,1,artic_v4,SARS-CoV-2_8
GTGGTTATACTGAAAAATGGGAATCTGG,TCAATTGAGTTGAGTACAGCTGGT,1,artic_v4,SARS-CoV-2_8
GTGGTTATACTGAAAAATGGGAATCTGG,AATCGAAGCGCAGTAAGGATGG,1,artic_v4,SARS-CoV-2_8
GTGGTTATACTGAAAAATGGGAATCTGG,ACAAAAACCTATTCCTGTTGGCATAG,1,artic_v4,SARS-CoV-2_8
GTGGTTATACTGAAAAATGGGAATCTGG,CAGCAATACGAAGATGTCCACGA,1,artic_v4,SARS-CoV-2_8
CGTTTCGGAAGAGACAGGTACG,GGTTGTTCTAATGGTTGTAAATCACCA,1,artic_v4,SARS-CoV-2_8
CGTTTCGGAAGAGACAGGTACG,GCAAATGGTATTTGTAATGCAGCAC,1,artic_v4,SARS-CoV-2_8
CGTTTCGGAAGAGACAGGTACG,TGAAGTCTGCCTGTGATCAACC,1,artic_v4,SARS-CoV-2_8
CGTTTCGGAAGAGACAGGTACG,CACGAGGAAAGTGTGCTTTTCC,1,artic_v4,SARS-CoV-2_8
CGTTTCGGAAGAGACAGGTACG,AGATTCATTTAAATTCTTGGCAACCTCA,1,artic_v4,SARS-CoV-2_8
CGTTTCGGAAGAGACAGGTACG,AGCATCCTTGATTTCACCTTGCT,1,artic_v4,SARS-CoV-2_8
CGTTTCGGAAGAGACAGGTACG,CTGCAAGAAGTAGACTAAAGCATAAAGAT,1,artic_v4,SARS-CoV-2_8
CGTTTCGGAAGAGACAGGTACG,TCAATTGAGTTGAGTACAGCTGGT,1,artic_v4,SARS-CoV-2_8
CGTTTCGGAAGAGACAGGTACG,AATCGAAGCGCAGTAAGGATGG,1,artic_v4,SARS-CoV-2_8
CGTTTCGGAAGAGACAGGTACG,ACAAAAACCTATTCCTGTTGGCATAG,1,artic_v4,SARS-CoV-2_8
CGTTTCGGAAGAGACAGGTACG,CAGCAATACGAAGATGTCCACGA,1,artic_v4,SARS-CoV-2_8
AAGCTCCTTGAACAATGGAACCT,GGTTGTTCTAATGGTTGTAAATCACCA,1,artic_v4,SARS-CoV-2_8
AAGCTCCTTGAACAATGGAACCT,GCAAATGGTATTTGTAATGCAGCAC,1,artic_v4,SARS-CoV-2_8
AAGCTCCTTGAACAATGGAACCT,TGAAGTCTGCCTGTGATCAACC,1,artic_v4,SARS-CoV-2_8
AAGCTCCTTGAACAATGGAACCT,CACGAGGAAAGTGTGCTTTTCC,1,artic_v4,SARS-CoV-2_8
AAGCTCCTTGAACAATGGAACCT,AGATTCATTTAAATTCTTGGCAACCTCA,1,artic_v4,SARS-CoV-2_8
AAGCTCCTTGAACAATGGAACCT,AGCATCCTTGATTTCACCTTGCT,1,artic_v4,SARS-CoV-2_8
AAGCTCCTTGAACAATGGAACCT,CTGCAAGAAGTAGACTAAAGCATAAAGAT,1,artic_v4,SARS-CoV-2_8
AAGCTCCTTGAACAATGGAACCT,TCAATTGAGTTGAGTACAGCTGGT,1,artic_v4,SARS-CoV-2_8
AAGCTCCTTGAACAATGGAACCT,AATCGAAGCGCAGTAAGGATGG,1,artic_v4,SARS-CoV-2_8
AAGCTCCTTGAACAATGGAACCT,ACAAAAACCTATTCCTGTTGGCATAG,1,artic_v4,SARS-CoV-2_8
AAGCTCCTTGAACAATGGAACCT,CAGCAATACGAAGATGTCCACGA,1,artic_v4,SARS-CoV-2_8
CCGTGCTTTAACTGGAATAGCTG,GCAAATGGTATTTGTAATGCAGCAC,1,artic_v4,SARS-CoV-2_80
TGCTCAATACACTTCTGCACTGT,TGAAGTCTGCCTGTGATCAACC,1,artic_v4,SARS-CoV-2_81
TGCACAAGCTTTAAACACGCTT,CACGAGGAAAGTGTGCTTTTCC,1,artic_v4,SARS-CoV-2_82
GCATGTGACTTATGTCCCTGCA,AGATTCATTTAAATTCTTGGCAACCTCA,1,artic_v4,SARS-CoV-2_83
GTTGATTTAGGTGACATCTCTGGCA,AGCATCCTTGATTTCACCTTGCT,1,artic_v4,SARS-CoV-2_84
ATGAAGACGACTCTGAGCCAGT,CTGCAAGAAGTAGACTAAAGCATAAAGAT,1,artic_v4,SARS-CoV-2_85
TGTTGTTTGTAACAGTTTACTCACACC,TCAATTGAGTTGAGTACAGCTGGT,1,artic_v4,SARS-CoV-2_86
GTGGTTATACTGAAAAATGGGAATCTGG,AATCGAAGCGCAGTAAGGATGG,1,artic_v4,SARS-CoV-2_87
CGTTTCGGAAGAGACAGGTACG,ACAAAAACCTATTCCTGTTGGCATAG,0,artic_v4,SARS-CoV-2_88
AAGCTCCTTGAACAATGGAACCT,CAGCAATACGAAGATGTCCACGA,0,artic_v4,SARS-CoV-2_89
TCTTCTTAGAGGGAGAAACACTTCC,CACAGGCGAACTCATTTACTTCTG,1,artic_v4,SARS-CoV-2_9
TCTTCTTAGAGGGAGAAACACTTCC,TCCAAATGGAAACTTTAAAAGTCCTCA,1,artic_v4,SARS-CoV-2_9
TCTTCTTAGAGGGAGAAACACTTCC,AGTGCAAATTTGTTATCAGCTAGAGG,1,artic_v4,SARS-CoV-2_9
TCTTCTTAGAGGGAGAAACACTTCC,GTTCAAGTGAGAACCAAAAGATAATAAGC,1,artic_v4,SARS-CoV-2_9
TCTTCTTAGAGGGAGAAACACTTCC,TGGGTGATTTAGAACCAGCCTC,1,artic_v4,SARS-CoV-2_9
TCTTCTTAGAGGGAGAAACACTTCC,TTATTGGGTAAACCTTGGGGCC,1,artic_v4,SARS-CoV-2_9
TCTTCTTAGAGGGAGAAACACTTCC,ACCATCTTGGACTGAGATCTTTCATT,1,artic_v4,SARS-CoV-2_9
TCTTCTTAGAGGGAGAAACACTTCC,CCATTGCCAGCCATTCTAGCA,1,artic_v4,SARS-CoV-2_9
TCTTCTTAGAGGGAGAAACACTTCC,CGACATTCCGAAGAACGCTGA,1,artic_v4,SARS-CoV-2_9
TCTTCTTAGAGGGAGAAACACTTCC,TTTAGGCCTGAGTTGAGTCAGC,1,artic_v4,SARS-CoV-2_9
TCTTCTTAGAGGGAGAAACACTTCC,GCTATTAAAATCACATGGGGATAGCAC,1,artic_v4,SARS-CoV-2_9
ATTCTTCTCAACGTGCCACTCC,CACAGGCGAACTCATTTACTTCTG,1,artic_v4,SARS-CoV-2_9
ATTCTTCTCAACGTGCCACTCC,TCCAAATGGAAACTTTAAAAGTCCTCA,1,artic_v4,SARS-CoV-2_9
ATTCTTCTCAACGTGCCACTCC,AGTGCAAATTTGTTATCAGCTAGAGG,1,artic_v4,SARS-CoV-2_9
ATTCTTCTCAACGTGCCACTCC,GTTCAAGTGAGAACCAAAAGATAATAAGC,1,artic_v4,SARS-CoV-2_9
ATTCTTCTCAACGTGCCACTCC,TGGGTGATTTAGAACCAGCCTC,1,artic_v4,SARS-CoV-2_9
ATTCTTCTCAACGTGCCACTCC,TTATTGGGTAAACCTTGGGGCC,1,artic_v4,SARS-CoV-2_9
ATTCTTCTCAACGTGCCACTCC,ACCATCTTGGACTGAGATCTTTCATT,1,artic_v4,SARS-CoV-2_9
ATTCTTCTCAACGTGCCACTCC,CCATTGCCAGCCATTCTAGCA,1,artic_v4,SARS-CoV-2_9
ATTCTTCTCAACGTGCCACTCC,CGACATTCCGAAGAACGCTGA,1,artic_v4,SARS-CoV-2_9
ATTCTTCTCAACGTGCCACTCC,TTTAGGCCTGAGTTGAGTCAGC,1,artic_v4,SARS-CoV-2_9
ATTCTTCTCAACGTGCCACTCC,GCTATTAAAATCACATGGGGATAGCAC,1,artic_v4,SARS-CoV-2_9
TCCAGTAGCAGTGACAATATTGCTT,CACAGGCGAACTCATTTACTTCTG,1,artic_v4,SARS-CoV-2_9
TCCAGTAGCAGTGACAATATTGCTT,TCCAAATGGAAACTTTAAAAGTCCTCA,1,artic_v4,SARS-CoV-2_9
TCCAGTAGCAGTGACAATATTGCTT,AGTGCAAATTTGTTATCAGCTAGAGG,1,artic_v4,SARS-CoV-2_9
TCCAGTAGCAGTGACAATATTGCTT,GTTCAAGTGAGAACCAAAAGATAATAAGC,1,artic_v4,SARS-CoV-2_9
TCCAGTAGCAGTGACAATATTGCTT,TGGGTGATTTAGAACCAGCCTC,1,artic_v4,SARS-CoV-2_9
TCCAGTAGCAGTGACAATATTGCTT,TTATTGGGTAAACCTTGGGGCC,1,artic_v4,SARS-CoV-2_9
TCCAGTAGCAGTGACAATATTGCTT,ACCATCTTGGACTGAGATCTTTCATT,1,artic_v4,SARS-CoV-2_9
TCCAGTAGCAGTGACAATATTGCTT,CCATTGCCAGCCATTCTAGCA,1,artic_v4,SARS-CoV-2_9
TCCAGTAGCAGTGACAATATTGCTT,CGACATTCCGAAGAACGCTGA,1,artic_v4,SARS-CoV-2_9
TCCAGTAGCAGTGACAATATTGCTT,TTTAGGCCTGAGTTGAGTCAGC,1,artic_v4,SARS-CoV-2_9
TCCAGTAGCAGTGACAATATTGCTT,GCTATTAAAATCACATGGGGATAGCAC,1,artic_v4,SARS-CoV-2_9
CACTACCAAGAGTGTGTTAGAGGTAC,CACAGGCGAACTCATTTACTTCTG,1,artic_v4,SARS-CoV-2_9
CACTACCAAGAGTGTGTTAGAGGTAC,TCCAAATGGAAACTTTAAAAGTCCTCA,1,artic_v4,SARS-CoV-2_9
CACTACCAAGAGTGTGTTAGAGGTAC,AGTGCAAATTTGTTATCAGCTAGAGG,1,artic_v4,SARS-CoV-2_9
CACTACCAAGAGTGTGTTAGAGGTAC,GTTCAAGTGAGAACCAAAAGATAATAAGC,1,artic_v4,SARS-CoV-2_9
CACTACCAAGAGTGTGTTAGAGGTAC,TGGGTGATTTAGAACCAGCCTC,1,artic_v4,SARS-CoV-2_9
CACTACCAAGAGTGTGTTAGAGGTAC,TTATTGGGTAAACCTTGGGGCC,1,artic_v4,SARS-CoV-2_9
CACTACCAAGAGTGTGTTAGAGGTAC,ACCATCTTGGACTGAGATCTTTCATT,1,artic_v4,SARS-CoV-2_9
CACTACCAAGAGTGTGTTAGAGGTAC,CCATTGCCAGCCATTCTAGCA,1,artic_v4,SARS-CoV-2_9
CACTACCAAGAGTGTGTTAGAGGTAC,CGACATTCCGAAGAACGCTGA,1,artic_v4,SARS-CoV-2_9
CACTACCAAGAGTGTGTTAGAGGTAC,TTTAGGCCTGAGTTGAGTCAGC,1,artic_v4,SARS-CoV-2_9
CACTACCAAGAGTGTGTTAGAGGTAC,GCTATTAAAATCACATGGGGATAGCAC,1,artic_v4,SARS-CoV-2_9
TTGTTGCGGCAATAGTGTTTATAACA,CACAGGCGAACTCATTTACTTCTG,1,artic_v4,SARS-CoV-2_9
TTGTTGCGGCAATAGTGTTTATAACA,TCCAAATGGAAACTTTAAAAGTCCTCA,1,artic_v4,SARS-CoV-2_9
TTGTTGCGGCAATAGTGTTTATAACA,AGTGCAAATTTGTTATCAGCTAGAGG,1,artic_v4,SARS-CoV-2_9
TTGTTGCGGCAATAGTGTTTATAACA,GTTCAAGTGAGAACCAAAAGATAATAAGC,1,artic_v4,SARS-CoV-2_9
TTGTTGCGGCAATAGTGTTTATAACA,TGGGTGATTTAGAACCAGCCTC,1,artic_v4,SARS-CoV-2_9
TTGTTGCGGCAATAGTGTTTATAACA,TTATTGGGTAAACCTTGGGGCC,1,artic_v4,SARS-CoV-2_9
TTGTTGCGGCAATAGTGTTTATAACA,ACCATCTTGGACTGAGATCTTTCATT,1,artic_v4,SARS-CoV-2_9
TTGTTGCGGCAATAGTGTTTATAACA,CCATTGCCAGCCATTCTAGCA,1,artic_v4,SARS-CoV-2_9
TTGTTGCGGCAATAGTGTTTATAACA,CGACATTCCGAAGAACGCTGA,1,artic_v4,SARS-CoV-2_9
TTGTTGCGGCAATAGTGTTTATAACA,TTTAGGCCTGAGTTGAGTCAGC,1,artic_v4,SARS-CoV-2_9
TTGTTGCGGCAATAGTGTTTATAACA,GCTATTAAAATCACATGGGGATAGCAC,1,artic_v4,SARS-CoV-2_9
ACCCGTGTCCTATTCACTTCTATTC,CACAGGCGAACTCATTTACTTCTG,1,artic_v4,SARS-CoV-2_9
ACCCGTGTCCTATTCACTTCTATTC,TCCAAATGGAAACTTTAAAAGTCCTCA,1,artic_v4,SARS-CoV-2_9
ACCCGTGTCCTATTCACTTCTATTC,AGTGCAAATTTGTTATCAGCTAGAGG,1,artic_v4,SARS-CoV-2_9
ACCCGTGTCCTATTCACTTCTATTC,GTTCAAGTGAGAACCAAAAGATAATAAGC,1,artic_v4,SARS-CoV-2_9
ACCCGTGTCCTATTCACTTCTATTC,TGGGTGATTTAGAACCAGCCTC,1,artic_v4,SARS-CoV-2_9
ACCCGTGTCCTATTCACTTCTATTC,TTATTGGGTAAACCTTGGGGCC,1,artic_v4,SARS-CoV-2_9
ACCCGTGTCCTATTCACTTCTATTC,ACCATCTTGGACTGAGATCTTTCATT,1,artic_v4,SARS-CoV-2_9
ACCCGTGTCCTATTCACTTCTATTC,CCATTGCCAGCCATTCTAGCA,1,artic_v4,SARS-CoV-2_9
ACCCGTGTCCTATTCACTTCTATTC,CGACATTCCGAAGAACGCTGA,1,artic_v4,SARS-CoV-2_9
ACCCGTGTCCTATTCACTTCTATTC,TTTAGGCCTGAGTTGAGTCAGC,1,artic_v4,SARS-CoV-2_9
ACCCGTGTCCTATTCACTTCTATTC,GCTATTAAAATCACATGGGGATAGCAC,1,artic_v4,SARS-CoV-2_9
GTGCGTTGTTCGTTCTATGAAGAC,CACAGGCGAACTCATTTACTTCTG,1,artic_v4,SARS-CoV-2_9
GTGCGTTGTTCGTTCTATGAAGAC,TCCAAATGGAAACTTTAAAAGTCCTCA,1,artic_v4,SARS-CoV-2_9
GTGCGTTGTTCGTTCTATGAAGAC,AGTGCAAATTTGTTATCAGCTAGAGG,1,artic_v4,SARS-CoV-2_9
GTGCGTTGTTCGTTCTATGAAGAC,GTTCAAGTGAGAACCAAAAGATAATAAGC,1,artic_v4,SARS-CoV-2_9
GTGCGTTGTTCGTTCTATGAAGAC,TGGGTGATTTAGAACCAGCCTC,1,artic_v4,SARS-CoV-2_9
GTGCGTTGTTCGTTCTATGAAGAC,TTATTGGGTAAACCTTGGGGCC,1,artic_v4,SARS-CoV-2_9
GTGCGTTGTTCGTTCTATGAAGAC,ACCATCTTGGACTGAGATCTTTCATT,1,artic_v4,SARS-CoV-2_9
GTGCGTTGTTCGTTCTATGAAGAC,CCATTGCCAGCCATTCTAGCA,1,artic_v4,SARS-CoV-2_9
GTGCGTTGTTCGTTCTATGAAGAC,CGACATTCCGAAGAACGCTGA,1,artic_v4,SARS-CoV-2_9
GTGCGTTGTTCGTTCTATGAAGAC,TTTAGGCCTGAGTTGAGTCAGC,1,artic_v4,SARS-CoV-2_9
GTGCGTTGTTCGTTCTATGAAGAC,GCTATTAAAATCACATGGGGATAGCAC,1,artic_v4,SARS-CoV-2_9
AGATGACCAAATTGGCTACTACCG,CACAGGCGAACTCATTTACTTCTG,1,artic_v4,SARS-CoV-2_9
AGATGACCAAATTGGCTACTACCG,TCCAAATGGAAACTTTAAAAGTCCTCA,1,artic_v4,SARS-CoV-2_9
AGATGACCAAATTGGCTACTACCG,AGTGCAAATTTGTTATCAGCTAGAGG,1,artic_v4,SARS-CoV-2_9
AGATGACCAAATTGGCTACTACCG,GTTCAAGTGAGAACCAAAAGATAATAAGC,1,artic_v4,SARS-CoV-2_9
AGATGACCAAATTGGCTACTACCG,TGGGTGATTTAGAACCAGCCTC,1,artic_v4,SARS-CoV-2_9
AGATGACCAAATTGGCTACTACCG,TTATTGGGTAAACCTTGGGGCC,1,artic_v4,SARS-CoV-2_9
AGATGACCAAATTGGCTACTACCG,ACCATCTTGGACTGAGATCTTTCATT,1,artic_v4,SARS-CoV-2_9
AGATGACCAAATTGGCTACTACCG,CCATTGCCAGCCATTCTAGCA,1,artic_v4,SARS-CoV-2_9
AGATGACCAAATTGGCTACTACCG,CGACATTCCGAAGAACGCTGA,1,artic_v4,SARS-CoV-2_9
AGATGACCAAATTGGCTACTACCG,TTTAGGCCTGAGTTGAGTCAGC,1,artic_v4,SARS-CoV-2_9
AGATGACCAAATTGGCTACTACCG,GCTATTAAAATCACATGGGGATAGCAC,1,artic_v4,SARS-CoV-2_9
TTCCTCATCACGTAGTCGCAAC,CACAGGCGAACTCATTTACTTCTG,1,artic_v4,SARS-CoV-2_9
TTCCTCATCACGTAGTCGCAAC,TCCAAATGGAAACTTTAAAAGTCCTCA,1,artic_v4,SARS-CoV-2_9
TTCCTCATCACGTAGTCGCAAC,AGTGCAAATTTGTTATCAGCTAGAGG,1,artic_v4,SARS-CoV-2_9
TTCCTCATCACGTAGTCGCAAC,GTTCAAGTGAGAACCAAAAGATAATAAGC,1,artic_v4,SARS-CoV-2_9
TTCCTCATCACGTAGTCGCAAC,TGGGTGATTTAGAACCAGCCTC,1,artic_v4,SARS-CoV-2_9
TTCCTCATCACGTAGTCGCAAC,TTATTGGGTAAACCTTGGGGCC,1,artic_v4,SARS-CoV-2_9
TTCCTCATCACGTAGTCGCAAC,ACCATCTTGGACTGAGATCTTTCATT,1,artic_v4,SARS-CoV-2_9
TTCCTCATCACGTAGTCGCAAC,CCATTGCCAGCCATTCTAGCA,1,artic_v4,SARS-CoV-2_9
TTCCTCATCACGTAGTCGCAAC,CGACATTCCGAAGAACGCTGA,1,artic_v4,SARS-CoV-2_9
TTCCTCATCACGTAGTCGCAAC,TTTAGGCCTGAGTTGAGTCAGC,1,artic_v4,SARS-CoV-2_9
TTCCTCATCACGTAGTCGCAAC,GCTATTAAAATCACATGGGGATAGCAC,1,artic_v4,SARS-CoV-2_9
CCAGGAACTAATCAGACAAGGAACT,CACAGGCGAACTCATTTACTTCTG,1,artic_v4,SARS-CoV-2_9
CCAGGAACTAATCAGACAAGGAACT,TCCAAATGGAAACTTTAAAAGTCCTCA,1,artic_v4,SARS-CoV-2_9
CCAGGAACTAATCAGACAAGGAACT,AGTGCAAATTTGTTATCAGCTAGAGG,1,artic_v4,SARS-CoV-2_9
CCAGGAACTAATCAGACAAGGAACT,GTTCAAGTGAGAACCAAAAGATAATAAGC,1,artic_v4,SARS-CoV-2_9
CCAGGAACTAATCAGACAAGGAACT,TGGGTGATTTAGAACCAGCCTC,1,artic_v4,SARS-CoV-2_9
CCAGGAACTAATCAGACAAGGAACT,TTATTGGGTAAACCTTGGGGCC,1,artic_v4,SARS-CoV-2_9
CCAGGAACTAATCAGACAAGGAACT,ACCATCTTGGACTGAGATCTTTCATT,1,artic_v4,SARS-CoV-2_9
CCAGGAACTAATCAGACAAGGAACT,CCATTGCCAGCCATTCTAGCA,1,artic_v4,SARS-CoV-2_9
CCAGGAACTAATCAGACAAGGAACT,CGACATTCCGAAGAACGCTGA,1,artic_v4,SARS-CoV-2_9
CCAGGAACTAATCAGACAAGGAACT,TTTAGGCCTGAGTTGAGTCAGC,1,artic_v4,SARS-CoV-2_9
CCAGGAACTAATCAGACAAGGAACT,GCTATTAAAATCACATGGGGATAGCAC,1,artic_v4,SARS-CoV-2_9
CTTCTTCCTGCTGCAGATTTGGA,CACAGGCGAACTCATTTACTTCTG,1,artic_v4,SARS-CoV-2_9
CTTCTTCCTGCTGCAGATTTGGA,TCCAAATGGAAACTTTAAAAGTCCTCA,1,artic_v4,SARS-CoV-2_9
CTTCTTCCTGCTGCAGATTTGGA,AGTGCAAATTTGTTATCAGCTAGAGG,1,artic_v4,SARS-CoV-2_9
CTTCTTCCTGCTGCAGATTTGGA,GTTCAAGTGAGAACCAAAAGATAATAAGC,1,artic_v4,SARS-CoV-2_9
CTTCTTCCTGCTGCAGATTTGGA,TGGGTGATTTAGAACCAGCCTC,1,artic_v4,SARS-CoV-2_9
CTTCTTCCTGCTGCAGATTTGGA,TTATTGGGTAAACCTTGGGGCC,1,artic_v4,SARS-CoV-2_9
CTTCTTCCTGCTGCAGATTTGGA,ACCATCTTGGACTGAGATCTTTCATT,1,artic_v4,SARS-CoV-2_9
CTTCTTCCTGCTGCAGATTTGGA,CCATTGCCAGCCATTCTAGCA,1,artic_v4,SARS-CoV-2_9
CTTCTTCCTGCTGCAGATTTGGA,CGACATTCCGAAGAACGCTGA,1,artic_v4,SARS-CoV-2_9
CTTCTTCCTGCTGCAGATTTGGA,TTTAGGCCTGAGTTGAGTCAGC,1,artic_v4,SARS-CoV-2_9
CTTCTTCCTGCTGCAGATTTGGA,GCTATTAAAATCACATGGGGATAGCAC,1,artic_v4,SARS-CoV-2_9
ATTCTTCTCAACGTGCCACTCC,TCCAAATGGAAACTTTAAAAGTCCTCA,0,artic_v4,SARS-CoV-2_90
TCCAGTAGCAGTGACAATATTGCTT,AGTGCAAATTTGTTATCAGCTAGAGG,1,artic_v4,SARS-CoV-2_91
CACTACCAAGAGTGTGTTAGAGGTAC,GTTCAAGTGAGAACCAAAAGATAATAAGC,1,artic_v4,SARS-CoV-2_92
TTGTTGCGGCAATAGTGTTTATAACA,TGGGTGATTTAGAACCAGCCTC,1,artic_v4,SARS-CoV-2_93
ACCCGTGTCCTATTCACTTCTATTC,TTATTGGGTAAACCTTGGGGCC,1,artic_v4,SARS-CoV-2_94
GTGCGTTGTTCGTTCTATGAAGAC,ACCATCTTGGACTGAGATCTTTCATT,1,artic_v4,SARS-CoV-2_95
AGATGACCAAATTGGCTACTACCG,CCATTGCCAGCCATTCTAGCA,1,artic_v4,SARS-CoV-2_96
TTCCTCATCACGTAGTCGCAAC,CGACATTCCGAAGAACGCTGA,1,artic_v4,SARS-CoV-2_97
CCAGGAACTAATCAGACAAGGAACT,TTTAGGCCTGAGTTGAGTCAGC,1,artic_v4,SARS-CoV-2_98
CTTCTTCCTGCTGCAGATTTGGA,GCTATTAAAATCACATGGGGATAGCAC,1,artic_v4,SARS-CoV-2_99
