forward_seq,reverse_seq,efficiency,ct_value,success_idx,organism,gene_name,polymerase,source_db
ATTGGCAATGAGCGGTTCCG,GCGCTCAGGAGGAGCAATGA,0.96,21.3,0.99,Homo sapiens,ACTB,unknown,rtprimerdb
TCCGCTGCCCTGAGGCACTC,GATCTTGATCTTCATTGTGCT,0.94,22.8,0.99,Homo sapiens,GAPDH,unknown,rtprimerdb
CACCATTGGCAATGAGCGGT,CGCTCAGGAGGAGCAATGAT,0.91,24.1,0.99,Homo sapiens,ACTB,unknown,rtprimerdb
GCATGGAGTCCTGTGGCATC,GATCTTGATCTTCATTGTGCT,0.88,26.5,0.76,Homo sapiens,TP53,unknown,rtprimerdb
AAGACCTGTACGCCAACACA,GCGCTCAGGAGGAGCAATGA,0.97,19.8,0.99,Mus musculus,Actb,unknown,rtprimerdb
CACAGTGCTGTCTGGCGGAC,CATCATGAAGTGTGACGTGGA,0.92,23.4,0.99,Homo sapiens,MYC,unknown,rtprimerdb
GAGCGGTTCCGCTGCCCTGA,GATCTTGATCTTCATTGTGCT,0.85,28.7,0.76,Homo sapiens,BRCA1,unknown,rtprimerdb
TGGCATCCACGAAACTACCT,GCGCTCAGGAGGAGCAATGA,0.93,22.1,0.99,Homo sapiens,EGFR,unknown,rtprimerdb
CCTGTACGCCAACACAGTGC,CGCTCAGGAGGAGCAATGAT,0.79,31.2,0.32,Homo sapiens,KRAS,unknown,rtprimerdb
GCCAACACAGTGCTGTCTGG,GATCTTGATCTTCATTGTGCT,0.95,20.9,0.99,Rattus norvegicus,Gapdh,unknown,rtprimerdb
