forward_seq,reverse_seq,success,source,gene,efficiency,organism
ATTGGCAATGAGCGGTTCCG,GCGCTCAGGAGGAGCAATGA,1,rtprimerdb,ACTB,0.96,Homo sapiens
TCCGCTGCCCTGAGGCACTC,GATCTTGATCTTCATTGTGCT,1,rtprimerdb,GAPDH,0.94,Homo sapiens
CACCATTGGCAATGAGCGGT,CGCTCAGGAGGAGCAATGAT,1,rtprimerdb,ACTB,0.91,Homo sapiens
GCATGGAGTCCTGTGGCATC,GATCTTGATCTTCATTGTGCT,1,rtprimerdb,TP53,0.88,Homo sapiens
AAGACCTGTACGCCAACACA,GCGCTCAGGAGGAGCAATGA,1,rtprimerdb,Actb,0.97,Mus musculus
CACAGTGCTGTCTGGCGGAC,CATCATGAAGTGTGACGTGGA,1,rtprimerdb,MYC,0.92,Homo sapiens
GAGCGGTTCCGCTGCCCTGA,GATCTTGATCTTCATTGTGCT,1,rtprimerdb,BRCA1,0.85,Homo sapiens
TGGCATCCACGAAACTACCT,GCGCTCAGGAGGAGCAATGA,1,rtprimerdb,EGFR,0.93,Homo sapiens
CCTGTACGCCAACACAGTGC,CGCTCAGGAGGAGCAATGAT,1,rtprimerdb,KRAS,0.79,Homo sapiens
GCCAACACAGTGCTGTCTGG,GATCTTGATCTTCATTGTGCT,1,rtprimerdb,Gapdh,0.95,Rattus norvegicus
AGTGAGGAACAAGCCAGAGCT,GTCAGGGGTGGTTATTGCAT,0,rtprimerdb,IL6_failed,0.62,Homo sapiens
AGGCGGTGCTTGTTACTCG,AGCTGCCCCTCAGCTTGA,0,rtprimerdb,TNF_failed,0.58,Homo sapiens
GCCTTGCTGCTCTACCTCCA,GATGATTCTGCCCTCCTCCT,0,rtprimerdb,VEGFA_failed,0.65,Homo sapiens
TGTGCAATGACTATGCTTCAG,GCTCTTCCTCCTGTTTTTAT,0,rtprimerdb,ESR1_failed,0.51,Homo sapiens
TTCGCGGGGTTTTCGTTT,GGCGAGGTTTATTGTTTTG,0,rtprimerdb,MT-CO1_failed,0.68,Homo sapiens
